-- phpMyAdmin SQL Dump
-- version 5.0.2
-- https://www.phpmyadmin.net/
--
-- Host: 127.0.0.1:3306
-- Generation Time: Jul 22, 2021 at 02:11 PM
-- Server version: 5.7.31
-- PHP Version: 7.4.9

SET SQL_MODE = "NO_AUTO_VALUE_ON_ZERO";
START TRANSACTION;
SET time_zone = "+00:00";


/*!40101 SET @OLD_CHARACTER_SET_CLIENT=@@CHARACTER_SET_CLIENT */;
/*!40101 SET @OLD_CHARACTER_SET_RESULTS=@@CHARACTER_SET_RESULTS */;
/*!40101 SET @OLD_COLLATION_CONNECTION=@@COLLATION_CONNECTION */;
/*!40101 SET NAMES utf8mb4 */;

--
-- Database: `amassurblog`
--

-- --------------------------------------------------------

--
-- Table structure for table `articles`
--

DROP TABLE IF EXISTS `articles`;
CREATE TABLE IF NOT EXISTS `articles` (
  `id` int(10) UNSIGNED NOT NULL AUTO_INCREMENT,
  `created_at` timestamp NULL DEFAULT NULL,
  `updated_at` timestamp NULL DEFAULT NULL,
  `deleted_at` timestamp NULL DEFAULT NULL,
  `titre` varchar(255) COLLATE utf8mb4_unicode_ci DEFAULT NULL,
  `image` varchar(255) COLLATE utf8mb4_unicode_ci DEFAULT NULL,
  `contenu` text COLLATE utf8mb4_unicode_ci,
  `user_id` int(11) DEFAULT NULL,
  `resume` text COLLATE utf8mb4_unicode_ci,
  `categorie_id` int(11) DEFAULT NULL,
  `slug` varchar(255) COLLATE utf8mb4_unicode_ci DEFAULT NULL,
  `auteur` varchar(255) COLLATE utf8mb4_unicode_ci DEFAULT NULL,
  `compteur` int(11) DEFAULT '0',
  PRIMARY KEY (`id`)
) ENGINE=InnoDB AUTO_INCREMENT=6 DEFAULT CHARSET=utf8mb4 COLLATE=utf8mb4_unicode_ci;

--
-- Dumping data for table `articles`
--

INSERT INTO `articles` (`id`, `created_at`, `updated_at`, `deleted_at`, `titre`, `image`, `contenu`, `user_id`, `resume`, `categorie_id`, `slug`, `auteur`, `compteur`) VALUES
(1, '2020-10-13 15:42:00', '2020-12-12 23:16:57', NULL, 'Une voiture sans conducteur ? Pas un problème pour les assureurs!', 'articles/October2020/K3EJh4qdhSj32zimAn8R.jpg', '<p>Notre pays est pr&ecirc;t en mati&egrave;re d\'assurances et de responsabilit&eacute; et la l&eacute;gislation actuelle relative &agrave; ces mati&egrave;res n\'a pas besoin d\'&ecirc;tre adapt&eacute;e, ont d&eacute;clar&eacute; plusieurs responsables du secteur mercredi lors d\'une audition &agrave; la Chambre des repr&eacute;sentants. De mani&egrave;re plus g&eacute;n&eacute;rale, la loi stipule actuellement qu\'un conducteur doit avoir &agrave; tout instant le contr&ocirc;le de son v&eacute;hicule. Ce point devra &ecirc;tre revu si l\'on veut permettre &agrave; des voitures sans pilote de rouler en Belgique. Mais en mati&egrave;re d\'assurances, aucun changement n\'est n&eacute;cessaire. \"Quiconque poss&egrave;de aujourd\'hui une assurance responsabilit&eacute; civile auto pourrait tr&egrave;s bien l\'utiliser demain pour une voiture sans conducteur\", explique-t-on au sein du secteur des assurances. Il est par contre pr&eacute;matur&eacute; de dire si l\'arriv&eacute;e de ce type de voitures permettra de faire diminuer les primes d\'assurances. Selon le magazine sp&eacute;cialis&eacute; anglais InsuranceDay, cela devrait &ecirc;tre le cas &eacute;tant donn&eacute; que neuf accidents de la route sur 10 sont provoqu&eacute;s par une erreur humaine. En</p>', 1, '<p>Notre pays est pr&ecirc;t en mati&egrave;re d\'assurances et de responsabilit&eacute; et la l&eacute;gislation actuelle relative &agrave; ces mati&egrave;res n\'a pas besoin d\'&ecirc;tre adapt&eacute;e, ont d&eacute;clar&eacute; plusieurs responsables du secteur mercredi lors d\'une audition &agrave; la Chambre des repr&eacute;sentants. De mani&egrave;re plus g&eacute;n&eacute;rale, la loi stipule actuellement qu\'un conducteur doit avoir &agrave; tout instant le contr&ocirc;le de son v&eacute;hicule.</p>', 4, 'une-voiture-sans-conducteur-pas-un-probleme-pour-les-assureurs', 'Julien Nana', 26),
(2, '2020-10-13 15:45:00', '2021-07-21 12:34:02', NULL, 'Votre PME est-elle bien assurée ?', 'articles/October2020/YD1EWdIcTNwWqIgt2J43.jpg', '<p>Votre entreprise et vous &ecirc;tes confront&eacute;s chaque jour &agrave; de nouvelles situations et &agrave; de nouveaux risques. H&eacute;las, vous n\'avez pas toujours le temps de dresser r&eacute;guli&egrave;rement la cartographie de tous ces risques et de pr&eacute;voir pour chacun les assurances les plus appropri&eacute;es. Certaines assurances, comme l\'assurance accident du travail, sont obligatoires. D\'autres, comme l\'assurance incendie, ne le sont pas. Pour &ecirc;tre bien assur&eacute;, mieux vaut consulter un expert en la mati&egrave;re. Nos cinq conseils vous aideront &agrave; y voir plus clair. 1) Choisissez une assurance \'tous risques\' G&eacute;n&eacute;ralement, un contrat d\'assurance est &eacute;tabli de telle mani&egrave;re que seuls les risques sp&eacute;cifi&eacute;s sont assur&eacute;s. Il n\'est pas toujours facile d\'&eacute;valuer correctement les risques par avance et, en outre, certains risques sont impr&eacute;visibles. Aussi, en tant que preneur d\'assurance, mieux vaut opter pour une assurance incendie \'tous risques\', gr&acirc;ce &agrave; laquelle vous serez couvert contre tous les dommages mat&eacute;riels, hormis pour les exceptions &eacute;num&eacute;r&eacute;es. Prenons l\'exemple de la couverture vol qui exclut les cas de vol dans un b&acirc;timent en construction. Ou encore la couverture en cas de temp&ecirc;te, de gr&ecirc;le, de pression de la neige ou de la glace, qui exclut les d&eacute;g&acirc;ts caus&eacute;s aux constructions d&eacute;labr&eacute;es.</p>', 1, '<p>Votre entreprise et vous &ecirc;tes confront&eacute;s chaque jour &agrave; de nouvelles situations et &agrave; de nouveaux risques. H&eacute;las, vous n\'avez pas toujours le temps de dresser r&eacute;guli&egrave;rement la cartographie de tous ces risques et de pr&eacute;voir pour chacun les assurances les plus appropri&eacute;es. Certaines assurances, comme l\'assurance accident du travail, sont obligatoires. D\'autres, comme l\'assurance incendie, ne le sont pas.</p>', 3, 'votre-pme-est-elle-bien-assuree', 'Francine Nabaloum', 36),
(3, '2020-10-13 15:52:00', '2021-07-21 12:44:51', '2020-10-13 16:11:00', 'Comment pouvez-vous réduire votre budget auto?', 'articles/October2020/pVXM34G0s5TcDSA8xcbA.jpg', '<p>La voiture co&ucirc;te de plus en plus cher. Selon le &laquo;Budget de l&rsquo;automobiliste&raquo; - l&rsquo;&eacute;tude annuelle de l&rsquo;Automobile Club Association -, tous les postes de d&eacute;penses li&eacute;s &agrave; la voiture (assurance, entretien, carburant&hellip;) ont d&eacute;pass&eacute; la hausse de l&rsquo;inflation (+ 1,8 %) en 2018, &agrave; l&rsquo;exception des p&eacute;ages et du garage (respectivement + 1,36 % et + 1,54 %).</p>', 1, '<p>Votre entreprise et vous &ecirc;tes confront&eacute;s chaque jour &agrave; de nouvelles situations et &agrave; de nouveaux risques. H&eacute;las, vous n\'avez pas toujours le temps de dresser r&eacute;guli&egrave;rement la cartographie de tous ces risques et de pr&eacute;voir pour chacun les assurances les plus appropri&eacute;es. Certaines assurances, comme l\'assurance accident du travail, sont obligatoires. D\'autres, comme l\'assurance incendie, ne le sont pas.</p>', 2, 'comment-pouvez-vous-reduire-votre-budget-auto', 'Aristide Ouédraogo', 7),
(4, '2020-10-13 16:02:00', '2021-07-21 12:35:07', NULL, 'POURQUOI UTILISER UN COMPARATEUR D\'ASSURANCE EN LIGNE ?', 'articles/October2020/M8nZYdpCx5CE9UmKBlWd.jpg', '<p>Certains produits d\'assurances sont obligatoires (l\'assurance auto par exemple), d\'autres indispensables (l\'assurance habitation), ou encore affinitaires (l\'assurance t&eacute;l&eacute;phone). Quelle que soit l\'assurance, les produits sont tr&egrave;s nombreux sur le march&eacute;, et se distinguent tous par des niveaux de garanties vari&eacute;s et diff&eacute;rents tarifs. Un comparateur d\'assurances vous permet dans un premier temps de faire le point sur vos besoins en fonction de votre situation personnelle et professionnelle et tient compte de votre historique d\'assur&eacute; afin de proposer les contrats d\'assurances les mieux adapt&eacute;s. Un comparateur d\'assurance peut vous interroger sur diff&eacute;rents points pour calculer un tarif : Pour une assurance voiture : vous pouvez avoir besoin de d&eacute;clarer un conducteur secondaire, d\'assurer un mod&egrave;le de voiture sp&eacute;cifique, de donner votre date d\'obtention du permis et votre exp&eacute;rience en tant que conducteur, etc. Pour une assurance habitation : le tarif varie selon le type de logement (appartement ou maison), sa g&eacute;olocalisation, votre statut (locataire, propri&eacute;taire, etc.), s\'il s\'agit d\'une r&eacute;sidence principale ou secondaire, etc. Pour une assurance sant&eacute; : selon le niveau de couverture, du plus simple au plus complet pour couvrir les d&eacute;passements d\'honoraires, selon votre sexe, votre &acirc;ge, etc. Et pour toutes les autres couvertures : assurance moto, assurance cr&eacute;dit, assurance chien-chat, etc. les crit&egrave;res varient &eacute;galement selon votre profil. Pour obtenir des devis d\'assurance gratuitement en quelques clics Une fois le formulaire rempli avec vos informations, vous avez acc&egrave;s &agrave; une liste d\'assureurs class&eacute;s par tarifs qui correspondent &agrave; vos besoins. Il suffit ensuite de s&eacute;lectionner un ou plusieurs assureurs de la liste pour ensuite recevoir des devis d\'assurances auto, moto, sant&eacute; ou encore habitation. De plus, la loi Hamon a permis de faciliter le changement d\'assurances automobile, moto et habitation. Loi Hamon et comparaison d\'assurances, c\'est le combo gagnant ! Pour comparer rapidement les tarifs et garanties de plusieurs contrats d\'assurance En seulement quelques minutes, quel que soit le produit dont vous avez besoin, le comparateur d\'assurances Assurland vous permet d\'acc&eacute;der &agrave; un panel d\'assurances du march&eacute;.</p>', 1, '<p>Certains produits d\'assurances sont obligatoires (l\'assurance auto par exemple), d\'autres indispensables (l\'assurance habitation), ou encore affinitaires (l\'assurance t&eacute;l&eacute;phone). Quelle que soit l\'assurance, les produits sont tr&egrave;s nombreux sur le march&eacute;, et se distinguent tous par des niveaux de garanties vari&eacute;s et diff&eacute;rents tarifs.</p>', 1, 'pourquoi-utiliser-un-comparateur-d-assurance-en-ligne', 'Adama Bari', 14),
(5, '2020-10-21 11:56:17', '2021-07-21 17:29:45', NULL, 'Meillehure offre d\'assurance au Burkiana Faso', 'articles/October2020/Fn1w1VYwr32igaQR0oWn.png', NULL, 1, 'efhbefbnfebbb', 4, 'meillehure-offre-d-assurance-au-burkiana-faso', 'Adama Bari', 17);

-- --------------------------------------------------------

--
-- Table structure for table `categories`
--

DROP TABLE IF EXISTS `categories`;
CREATE TABLE IF NOT EXISTS `categories` (
  `id` int(10) UNSIGNED NOT NULL AUTO_INCREMENT,
  `parent_id` int(10) UNSIGNED DEFAULT NULL,
  `order` int(11) NOT NULL DEFAULT '1',
  `name` varchar(255) COLLATE utf8mb4_unicode_ci NOT NULL,
  `slug` varchar(255) COLLATE utf8mb4_unicode_ci NOT NULL,
  `created_at` timestamp NULL DEFAULT NULL,
  `updated_at` timestamp NULL DEFAULT NULL,
  PRIMARY KEY (`id`),
  UNIQUE KEY `categories_slug_unique` (`slug`),
  KEY `categories_parent_id_foreign` (`parent_id`)
) ENGINE=InnoDB AUTO_INCREMENT=3 DEFAULT CHARSET=utf8mb4 COLLATE=utf8mb4_unicode_ci;

--
-- Dumping data for table `categories`
--

INSERT INTO `categories` (`id`, `parent_id`, `order`, `name`, `slug`, `created_at`, `updated_at`) VALUES
(1, NULL, 1, 'Category 1', 'category-1', '2020-10-13 13:21:51', '2020-10-13 13:21:51'),
(2, NULL, 1, 'Category 2', 'category-2', '2020-10-13 13:21:52', '2020-10-13 13:21:52');

-- --------------------------------------------------------

--
-- Table structure for table `categorie_articles`
--

DROP TABLE IF EXISTS `categorie_articles`;
CREATE TABLE IF NOT EXISTS `categorie_articles` (
  `id` int(10) UNSIGNED NOT NULL AUTO_INCREMENT,
  `created_at` timestamp NULL DEFAULT NULL,
  `updated_at` timestamp NULL DEFAULT NULL,
  `deleted_at` timestamp NULL DEFAULT NULL,
  `nom` varchar(255) COLLATE utf8mb4_unicode_ci DEFAULT NULL,
  `slug` varchar(255) COLLATE utf8mb4_unicode_ci DEFAULT NULL,
  `type_id` int(11) DEFAULT NULL,
  PRIMARY KEY (`id`)
) ENGINE=InnoDB AUTO_INCREMENT=8 DEFAULT CHARSET=utf8mb4 COLLATE=utf8mb4_unicode_ci;

--
-- Dumping data for table `categorie_articles`
--

INSERT INTO `categorie_articles` (`id`, `created_at`, `updated_at`, `deleted_at`, `nom`, `slug`, `type_id`) VALUES
(1, '2020-10-15 12:03:00', '2020-10-15 12:27:11', NULL, 'Assurances Auto', 'assurances-auto', NULL),
(2, '2020-10-15 12:03:45', '2020-10-15 12:03:45', NULL, 'Assurances Moto', 'assurances-moto', NULL),
(3, '2020-10-15 12:04:00', '2020-10-15 12:06:23', '2020-10-15 12:04:00', 'Assurances Maison', 'assurances-maison', NULL),
(4, '2020-10-15 12:05:59', '2020-10-15 12:05:59', '2020-10-15 12:05:00', 'Assurances Santé ou Mutuelle', 'assurances-sante-ou-mutuelle', NULL),
(5, '2020-10-15 12:07:53', '2020-10-15 12:07:53', '2020-10-15 12:06:00', 'Assurance famille', 'assurance-famille', NULL),
(6, '2020-10-15 12:08:00', '2020-10-15 12:09:10', NULL, 'Assurance des biens', 'assurance-des-biens', NULL),
(7, '2020-10-15 12:30:35', '2020-10-15 12:30:35', NULL, 'Assurance responsabilité civile professionnelle', 'assurance-responsabilite-civile-professionnelle', NULL);

-- --------------------------------------------------------

--
-- Table structure for table `data_rows`
--

DROP TABLE IF EXISTS `data_rows`;
CREATE TABLE IF NOT EXISTS `data_rows` (
  `id` int(10) UNSIGNED NOT NULL AUTO_INCREMENT,
  `data_type_id` int(10) UNSIGNED NOT NULL,
  `field` varchar(255) COLLATE utf8mb4_unicode_ci NOT NULL,
  `type` varchar(255) COLLATE utf8mb4_unicode_ci NOT NULL,
  `display_name` varchar(255) COLLATE utf8mb4_unicode_ci NOT NULL,
  `required` tinyint(1) NOT NULL DEFAULT '0',
  `browse` tinyint(1) NOT NULL DEFAULT '1',
  `read` tinyint(1) NOT NULL DEFAULT '1',
  `edit` tinyint(1) NOT NULL DEFAULT '1',
  `add` tinyint(1) NOT NULL DEFAULT '1',
  `delete` tinyint(1) NOT NULL DEFAULT '1',
  `details` text COLLATE utf8mb4_unicode_ci,
  `order` int(11) NOT NULL DEFAULT '1',
  PRIMARY KEY (`id`),
  KEY `data_rows_data_type_id_foreign` (`data_type_id`)
) ENGINE=InnoDB AUTO_INCREMENT=117 DEFAULT CHARSET=utf8mb4 COLLATE=utf8mb4_unicode_ci;

--
-- Dumping data for table `data_rows`
--

INSERT INTO `data_rows` (`id`, `data_type_id`, `field`, `type`, `display_name`, `required`, `browse`, `read`, `edit`, `add`, `delete`, `details`, `order`) VALUES
(1, 1, 'id', 'number', 'ID', 1, 0, 0, 0, 0, 0, NULL, 1),
(2, 1, 'name', 'text', 'Nom', 1, 1, 1, 1, 1, 1, NULL, 2),
(3, 1, 'email', 'text', 'Email', 1, 1, 1, 1, 1, 1, NULL, 3),
(4, 1, 'password', 'password', 'Mot de passe', 1, 0, 0, 1, 1, 0, NULL, 4),
(5, 1, 'remember_token', 'text', 'Token de rappel', 0, 0, 0, 0, 0, 0, NULL, 5),
(6, 1, 'created_at', 'timestamp', 'Créé le', 0, 1, 1, 0, 0, 0, NULL, 6),
(7, 1, 'updated_at', 'timestamp', 'Mis à jour le', 0, 0, 0, 0, 0, 0, NULL, 7),
(8, 1, 'avatar', 'image', 'Avatar', 0, 1, 1, 1, 1, 1, NULL, 8),
(9, 1, 'user_belongsto_role_relationship', 'relationship', 'Rôle', 0, 1, 1, 1, 1, 0, '{\"model\":\"TCG\\\\Voyager\\\\Models\\\\Role\",\"table\":\"roles\",\"type\":\"belongsTo\",\"column\":\"role_id\",\"key\":\"id\",\"label\":\"display_name\",\"pivot_table\":\"roles\",\"pivot\":0}', 10),
(10, 1, 'user_belongstomany_role_relationship', 'relationship', 'Roles', 0, 1, 1, 1, 1, 0, '{\"model\":\"TCG\\\\Voyager\\\\Models\\\\Role\",\"table\":\"roles\",\"type\":\"belongsToMany\",\"column\":\"id\",\"key\":\"id\",\"label\":\"display_name\",\"pivot_table\":\"user_roles\",\"pivot\":\"1\",\"taggable\":\"0\"}', 11),
(11, 1, 'settings', 'hidden', 'Settings', 0, 0, 0, 0, 0, 0, NULL, 12),
(12, 2, 'id', 'number', 'ID', 1, 0, 0, 0, 0, 0, NULL, 1),
(13, 2, 'name', 'text', 'Nom', 1, 1, 1, 1, 1, 1, NULL, 2),
(14, 2, 'created_at', 'timestamp', 'Créé le', 0, 0, 0, 0, 0, 0, NULL, 3),
(15, 2, 'updated_at', 'timestamp', 'Mis à jour le', 0, 0, 0, 0, 0, 0, NULL, 4),
(16, 3, 'id', 'number', 'ID', 1, 0, 0, 0, 0, 0, NULL, 1),
(17, 3, 'name', 'text', 'Nom', 1, 1, 1, 1, 1, 1, NULL, 2),
(18, 3, 'created_at', 'timestamp', 'Créé le', 0, 0, 0, 0, 0, 0, NULL, 3),
(19, 3, 'updated_at', 'timestamp', 'Mis à jour le', 0, 0, 0, 0, 0, 0, NULL, 4),
(20, 3, 'display_name', 'text', 'Nom d\'affichage', 1, 1, 1, 1, 1, 1, NULL, 5),
(21, 1, 'role_id', 'text', 'Rôle', 1, 1, 1, 1, 1, 1, NULL, 9),
(22, 4, 'id', 'number', 'ID', 1, 0, 0, 0, 0, 0, NULL, 1),
(23, 4, 'parent_id', 'select_dropdown', 'Parent', 0, 0, 1, 1, 1, 1, '{\"default\":\"\",\"null\":\"\",\"options\":{\"\":\"-- None --\"},\"relationship\":{\"key\":\"id\",\"label\":\"name\"}}', 2),
(24, 4, 'order', 'text', 'Ordre', 1, 1, 1, 1, 1, 1, '{\"default\":1}', 3),
(25, 4, 'name', 'text', 'Nom', 1, 1, 1, 1, 1, 1, NULL, 4),
(26, 4, 'slug', 'text', 'Slug', 1, 1, 1, 1, 1, 1, '{\"slugify\":{\"origin\":\"name\"}}', 5),
(27, 4, 'created_at', 'timestamp', 'Créé le', 0, 0, 1, 0, 0, 0, NULL, 6),
(28, 4, 'updated_at', 'timestamp', 'Mis à jour le', 0, 0, 0, 0, 0, 0, NULL, 7),
(29, 5, 'id', 'number', 'ID', 1, 0, 0, 0, 0, 0, NULL, 1),
(30, 5, 'author_id', 'text', 'Auteur', 1, 0, 1, 1, 0, 1, NULL, 2),
(31, 5, 'category_id', 'text', 'Catégorie', 1, 0, 1, 1, 1, 0, NULL, 3),
(32, 5, 'title', 'text', 'Titre', 1, 1, 1, 1, 1, 1, NULL, 4),
(33, 5, 'excerpt', 'text_area', 'Extrait', 1, 0, 1, 1, 1, 1, NULL, 5),
(34, 5, 'body', 'rich_text_box', 'Corps', 1, 0, 1, 1, 1, 1, NULL, 6),
(35, 5, 'image', 'image', 'Image de l\'article', 0, 1, 1, 1, 1, 1, '{\"resize\":{\"width\":\"1000\",\"height\":\"null\"},\"quality\":\"70%\",\"upsize\":true,\"thumbnails\":[{\"name\":\"medium\",\"scale\":\"50%\"},{\"name\":\"small\",\"scale\":\"25%\"},{\"name\":\"cropped\",\"crop\":{\"width\":\"300\",\"height\":\"250\"}}]}', 7),
(36, 5, 'slug', 'text', 'Slug', 1, 0, 1, 1, 1, 1, '{\"slugify\":{\"origin\":\"title\",\"forceUpdate\":true},\"validation\":{\"rule\":\"unique:posts,slug\"}}', 8),
(37, 5, 'meta_description', 'text_area', 'Meta Description', 1, 0, 1, 1, 1, 1, NULL, 9),
(38, 5, 'meta_keywords', 'text_area', 'Meta Mots-clés', 1, 0, 1, 1, 1, 1, NULL, 10),
(39, 5, 'status', 'select_dropdown', 'Statut', 1, 1, 1, 1, 1, 1, '{\"default\":\"DRAFT\",\"options\":{\"PUBLISHED\":\"published\",\"DRAFT\":\"draft\",\"PENDING\":\"pending\"}}', 11),
(40, 5, 'created_at', 'timestamp', 'Créé le', 0, 1, 1, 0, 0, 0, NULL, 12),
(41, 5, 'updated_at', 'timestamp', 'Mis à jour le', 0, 0, 0, 0, 0, 0, NULL, 13),
(42, 5, 'seo_title', 'text', 'Titre SEO', 0, 1, 1, 1, 1, 1, NULL, 14),
(43, 5, 'featured', 'checkbox', 'Mis en avant', 1, 1, 1, 1, 1, 1, NULL, 15),
(44, 6, 'id', 'number', 'ID', 1, 0, 0, 0, 0, 0, NULL, 1),
(45, 6, 'author_id', 'text', 'Auteur', 1, 0, 0, 0, 0, 0, NULL, 2),
(46, 6, 'title', 'text', 'Titre', 1, 1, 1, 1, 1, 1, NULL, 3),
(47, 6, 'excerpt', 'text_area', 'Extrait', 1, 0, 1, 1, 1, 1, NULL, 4),
(48, 6, 'body', 'rich_text_box', 'Corps', 1, 0, 1, 1, 1, 1, NULL, 5),
(49, 6, 'slug', 'text', 'Slug', 1, 0, 1, 1, 1, 1, '{\"slugify\":{\"origin\":\"title\"},\"validation\":{\"rule\":\"unique:pages,slug\"}}', 6),
(50, 6, 'meta_description', 'text', 'Meta Description', 1, 0, 1, 1, 1, 1, NULL, 7),
(51, 6, 'meta_keywords', 'text', 'Meta Mots-clés', 1, 0, 1, 1, 1, 1, NULL, 8),
(52, 6, 'status', 'select_dropdown', 'Statut', 1, 1, 1, 1, 1, 1, '{\"default\":\"INACTIVE\",\"options\":{\"INACTIVE\":\"INACTIVE\",\"ACTIVE\":\"ACTIVE\"}}', 9),
(53, 6, 'created_at', 'timestamp', 'Créé le', 1, 1, 1, 0, 0, 0, NULL, 10),
(54, 6, 'updated_at', 'timestamp', 'Mis à jour le', 1, 0, 0, 0, 0, 0, NULL, 11),
(55, 6, 'image', 'image', 'Image de la page', 0, 1, 1, 1, 1, 1, NULL, 12),
(62, 8, 'id', 'text', 'Id', 1, 0, 0, 0, 0, 0, '{}', 1),
(63, 8, 'created_at', 'timestamp', 'Created At', 0, 1, 1, 1, 0, 1, '{}', 2),
(64, 8, 'updated_at', 'timestamp', 'Updated At', 0, 0, 0, 0, 0, 0, '{}', 3),
(65, 8, 'deleted_at', 'timestamp', 'Deleted At', 0, 1, 1, 1, 0, 1, '{}', 4),
(66, 8, 'titre', 'text', 'Titre', 0, 1, 1, 1, 1, 1, '{}', 5),
(67, 8, 'image', 'image', 'Image', 0, 1, 1, 1, 1, 1, '{}', 6),
(68, 8, 'contenu', 'rich_text_box', 'Contenu', 0, 1, 1, 1, 1, 1, '{}', 7),
(69, 8, 'article_belongsto_user_relationship', 'relationship', 'users', 0, 1, 1, 1, 1, 1, '{\"model\":\"App\\\\Models\\\\User\",\"table\":\"users\",\"type\":\"belongsTo\",\"column\":\"user_id\",\"key\":\"id\",\"label\":\"id\",\"pivot_table\":\"articles\",\"pivot\":\"0\",\"taggable\":\"0\"}', 8),
(70, 8, 'user_id', 'hidden', 'User Id', 0, 1, 1, 1, 1, 1, '{}', 8),
(71, 8, 'resume', 'text_area', 'Resume', 0, 1, 1, 1, 1, 1, '{}', 9),
(72, 9, 'id', 'text', 'Id', 1, 0, 0, 0, 0, 0, '{}', 1),
(73, 9, 'created_at', 'timestamp', 'Created At', 0, 1, 1, 1, 0, 1, '{}', 2),
(74, 9, 'updated_at', 'timestamp', 'Updated At', 0, 0, 0, 0, 0, 0, '{}', 3),
(75, 9, 'deleted_at', 'timestamp', 'Deleted At', 0, 1, 1, 1, 1, 1, '{}', 4),
(76, 9, 'titre', 'text', 'Titre', 0, 1, 1, 1, 1, 1, '{}', 5),
(77, 9, 'description', 'rich_text_box', 'Description', 0, 1, 1, 1, 1, 1, '{}', 6),
(79, 10, 'id', 'text', 'Id', 1, 0, 0, 0, 0, 0, '{}', 1),
(80, 10, 'created_at', 'timestamp', 'Created At', 0, 1, 1, 1, 0, 1, '{}', 2),
(81, 10, 'updated_at', 'timestamp', 'Updated At', 0, 0, 0, 0, 0, 0, '{}', 3),
(82, 10, 'deleted_at', 'timestamp', 'Deleted At', 0, 1, 1, 1, 1, 1, '{}', 4),
(83, 10, 'nom', 'text', 'Nom', 0, 1, 1, 1, 1, 1, '{}', 5),
(84, 10, 'logo', 'image', 'Logo', 0, 1, 1, 1, 1, 1, '{}', 6),
(85, 11, 'id', 'text', 'Id', 1, 0, 0, 0, 0, 0, '{}', 1),
(86, 11, 'created_at', 'timestamp', 'Created At', 0, 1, 1, 1, 0, 1, '{}', 2),
(87, 11, 'updated_at', 'timestamp', 'Updated At', 0, 0, 0, 0, 0, 0, '{}', 3),
(88, 11, 'deleted_at', 'timestamp', 'Deleted At', 0, 1, 1, 1, 1, 1, '{}', 4),
(89, 11, 'titre', 'text', 'Titre', 0, 1, 1, 1, 1, 1, '{}', 5),
(90, 11, 'description', 'rich_text_box', 'Description', 0, 1, 1, 1, 1, 1, '{}', 6),
(91, 11, 'icone', 'text', 'Icone', 0, 1, 1, 1, 1, 1, '{}', 7),
(92, 14, 'id', 'text', 'Id', 1, 0, 0, 0, 0, 0, '{}', 1),
(93, 14, 'created_at', 'timestamp', 'Created At', 0, 1, 1, 1, 0, 1, '{}', 2),
(94, 14, 'updated_at', 'timestamp', 'Updated At', 0, 0, 0, 0, 0, 0, '{}', 3),
(95, 14, 'deleted_at', 'timestamp', 'Deleted At', 0, 1, 1, 1, 1, 1, '{}', 4),
(96, 14, 'nom', 'text', 'Nom', 0, 1, 1, 1, 1, 1, '{}', 5),
(97, 14, 'slug', 'text', 'Slug', 0, 1, 1, 1, 1, 1, '{\"slugify\":{\"origin\":\"nom\",\"forceUpdate\":true},\"validation\":{\"rule\":\"unique:categorie_articles,slug\"}}', 6),
(98, 15, 'id', 'text', 'Id', 1, 0, 0, 0, 0, 0, '{}', 1),
(99, 15, 'created_at', 'timestamp', 'Created At', 0, 1, 1, 1, 0, 1, '{}', 2),
(100, 15, 'updated_at', 'timestamp', 'Updated At', 0, 0, 0, 0, 0, 0, '{}', 3),
(101, 15, 'deleted_at', 'timestamp', 'Deleted At', 0, 1, 1, 1, 1, 1, '{}', 4),
(102, 15, 'nom', 'text', 'Nom', 0, 1, 1, 1, 1, 1, '{}', 5),
(103, 15, 'slug', 'text', 'Slug', 0, 1, 1, 1, 1, 1, '{\"slugify\":{\"origin\":\"nom\"},\"validation\":{\"rule\":\"unique:type_assurances,slug\"}}', 6),
(104, 14, 'categorie_article_belongsto_type_assurance_relationship', 'relationship', 'type_assurances', 0, 1, 1, 1, 1, 1, '{\"model\":\"App\\\\Models\\\\TypeAssurance\",\"table\":\"type_assurances\",\"type\":\"belongsTo\",\"column\":\"type_id\",\"key\":\"id\",\"label\":\"id\",\"pivot_table\":\"articles\",\"pivot\":\"0\",\"taggable\":null}', 7),
(105, 8, 'article_belongsto_categorie_article_relationship', 'relationship', 'categorie_articles', 0, 1, 1, 1, 1, 1, '{\"model\":\"App\\\\Models\\\\CategorieArticle\",\"table\":\"categorie_articles\",\"type\":\"belongsTo\",\"column\":\"categorie_id\",\"key\":\"id\",\"label\":\"id\",\"pivot_table\":\"articles\",\"pivot\":\"0\",\"taggable\":\"0\"}', 10),
(106, 8, 'categorie_id', 'text', 'Categorie Id', 0, 1, 1, 1, 1, 1, '{}', 10),
(107, 8, 'slug', 'text', 'Slug', 0, 1, 1, 1, 1, 1, '{\"slugify\":{\"origin\":\"titre\",\"forceUpdate\":true},\"validation\":{\"rule\":\"unique:articles,slug\"}}', 11),
(108, 8, 'auteur', 'text', 'Auteur', 0, 1, 1, 1, 1, 1, '{}', 12),
(109, 9, 'slug', 'text', 'Slug', 0, 1, 1, 1, 1, 1, '{\"slugify\":{\"origin\":\"titre\"},\"validation\":{\"rule\":\"unique:particuliers,slug\"}}', 7),
(110, 9, 'resume', 'text_area', 'Resume', 0, 1, 1, 1, 1, 1, '{}', 8),
(111, 9, 'image', 'image', 'Image', 0, 1, 1, 1, 1, 1, '{}', 9),
(112, 9, 'icone', 'text', 'Icone', 0, 1, 1, 1, 1, 1, '{}', 10),
(113, 11, 'slug', 'text', 'Slug', 0, 1, 1, 1, 1, 1, '{\"slugify\":{\"origin\":\"titre\"},\"validation\":{\"rule\":\"unique:professionnels,slug\"}}', 8),
(114, 11, 'resume', 'text_area', 'Resume', 0, 1, 1, 1, 1, 1, '{}', 9),
(115, 11, 'image', 'text', 'Image', 0, 1, 1, 1, 1, 1, '{}', 10),
(116, 8, 'compteur', 'number', 'Compteur', 0, 1, 1, 1, 1, 1, '1', 13);

-- --------------------------------------------------------

--
-- Table structure for table `data_types`
--

DROP TABLE IF EXISTS `data_types`;
CREATE TABLE IF NOT EXISTS `data_types` (
  `id` int(10) UNSIGNED NOT NULL AUTO_INCREMENT,
  `name` varchar(255) COLLATE utf8mb4_unicode_ci NOT NULL,
  `slug` varchar(255) COLLATE utf8mb4_unicode_ci NOT NULL,
  `display_name_singular` varchar(255) COLLATE utf8mb4_unicode_ci NOT NULL,
  `display_name_plural` varchar(255) COLLATE utf8mb4_unicode_ci NOT NULL,
  `icon` varchar(255) COLLATE utf8mb4_unicode_ci DEFAULT NULL,
  `model_name` varchar(255) COLLATE utf8mb4_unicode_ci DEFAULT NULL,
  `policy_name` varchar(255) COLLATE utf8mb4_unicode_ci DEFAULT NULL,
  `controller` varchar(255) COLLATE utf8mb4_unicode_ci DEFAULT NULL,
  `description` varchar(255) COLLATE utf8mb4_unicode_ci DEFAULT NULL,
  `generate_permissions` tinyint(1) NOT NULL DEFAULT '0',
  `server_side` tinyint(4) NOT NULL DEFAULT '0',
  `details` text COLLATE utf8mb4_unicode_ci,
  `created_at` timestamp NULL DEFAULT NULL,
  `updated_at` timestamp NULL DEFAULT NULL,
  PRIMARY KEY (`id`),
  UNIQUE KEY `data_types_name_unique` (`name`),
  UNIQUE KEY `data_types_slug_unique` (`slug`)
) ENGINE=InnoDB AUTO_INCREMENT=16 DEFAULT CHARSET=utf8mb4 COLLATE=utf8mb4_unicode_ci;

--
-- Dumping data for table `data_types`
--

INSERT INTO `data_types` (`id`, `name`, `slug`, `display_name_singular`, `display_name_plural`, `icon`, `model_name`, `policy_name`, `controller`, `description`, `generate_permissions`, `server_side`, `details`, `created_at`, `updated_at`) VALUES
(1, 'users', 'users', 'Utilisateur', 'Utilisateurs', 'voyager-person', 'TCG\\Voyager\\Models\\User', 'TCG\\Voyager\\Policies\\UserPolicy', 'TCG\\Voyager\\Http\\Controllers\\VoyagerUserController', '', 1, 0, NULL, '2020-10-13 13:21:20', '2020-10-13 13:21:20'),
(2, 'menus', 'menus', 'Menu', 'Menus', 'voyager-list', 'TCG\\Voyager\\Models\\Menu', NULL, '', '', 1, 0, NULL, '2020-10-13 13:21:20', '2020-10-13 13:21:20'),
(3, 'roles', 'roles', 'Rôle', 'Rôles', 'voyager-lock', 'TCG\\Voyager\\Models\\Role', NULL, 'TCG\\Voyager\\Http\\Controllers\\VoyagerRoleController', '', 1, 0, NULL, '2020-10-13 13:21:20', '2020-10-13 13:21:20'),
(4, 'categories', 'categories', 'Catégorie', 'Catégories', 'voyager-categories', 'TCG\\Voyager\\Models\\Category', NULL, '', '', 1, 0, NULL, '2020-10-13 13:21:48', '2020-10-13 13:21:48'),
(5, 'posts', 'posts', 'Post', 'Posts', 'voyager-news', 'TCG\\Voyager\\Models\\Post', 'TCG\\Voyager\\Policies\\PostPolicy', '', '', 1, 0, NULL, '2020-10-13 13:21:52', '2020-10-13 13:21:52'),
(6, 'pages', 'pages', 'Page', 'Pages', 'voyager-file-text', 'TCG\\Voyager\\Models\\Page', NULL, '', '', 1, 0, NULL, '2020-10-13 13:21:57', '2020-10-13 13:21:57'),
(8, 'articles', 'articles', 'Article', 'Articles', NULL, 'App\\Models\\Article', NULL, NULL, NULL, 1, 0, '{\"order_column\":\"updated_at\",\"order_display_column\":\"updated_at\",\"order_direction\":\"asc\",\"default_search_key\":\"titre\",\"scope\":null}', '2020-10-13 13:52:50', '2020-10-21 11:54:28'),
(9, 'particuliers', 'particuliers', 'Particulier', 'Particuliers', NULL, 'App\\Models\\Particulier', NULL, NULL, NULL, 1, 0, '{\"order_column\":\"updated_at\",\"order_display_column\":\"updated_at\",\"order_direction\":\"asc\",\"default_search_key\":null,\"scope\":null}', '2020-10-13 16:32:17', '2020-10-16 16:30:59'),
(10, 'partenaires', 'partenaires', 'Partenaire', 'Partenaires', NULL, 'App\\Models\\Partenaire', NULL, NULL, NULL, 1, 0, '{\"order_column\":\"updated_at\",\"order_display_column\":\"updated_at\",\"order_direction\":\"asc\",\"default_search_key\":null}', '2020-10-13 16:33:24', '2020-10-13 16:33:24'),
(11, 'professionnels', 'professionnels', 'Professionnel', 'Professionnels', NULL, 'App\\Models\\Professionnel', NULL, NULL, NULL, 1, 0, '{\"order_column\":\"updated_at\",\"order_display_column\":\"updated_at\",\"order_direction\":\"asc\",\"default_search_key\":null,\"scope\":null}', '2020-10-13 16:34:23', '2020-07-06 01:58:01'),
(13, 'categoriearticles', 'categoriearticles', 'Categoriearticle', 'Categoriearticles', NULL, 'App\\Models\\CategorieArticle', NULL, NULL, NULL, 1, 0, '{\"order_column\":\"id\",\"order_display_column\":\"id\",\"order_direction\":\"asc\",\"default_search_key\":\"nom\"}', '2020-10-15 11:55:01', '2020-10-15 11:55:01'),
(14, 'categorie_articles', 'categorie-articles', 'Categorie Article', 'Categorie Articles', NULL, 'App\\Models\\CategorieArticle', NULL, NULL, NULL, 1, 0, '{\"order_column\":\"id\",\"order_display_column\":\"id\",\"order_direction\":\"asc\",\"default_search_key\":\"updated_at\",\"scope\":null}', '2020-10-15 11:59:41', '2020-10-15 12:02:13'),
(15, 'type_assurances', 'type-assurances', 'Type Assurance', 'Type Assurances', NULL, 'App\\Models\\TypeAssurance', NULL, NULL, NULL, 1, 0, '{\"order_column\":\"id\",\"order_display_column\":\"id\",\"order_direction\":\"asc\",\"default_search_key\":\"nom\",\"scope\":null}', '2020-10-15 12:20:24', '2020-10-15 12:29:54');

-- --------------------------------------------------------

--
-- Table structure for table `failed_jobs`
--

DROP TABLE IF EXISTS `failed_jobs`;
CREATE TABLE IF NOT EXISTS `failed_jobs` (
  `id` bigint(20) UNSIGNED NOT NULL AUTO_INCREMENT,
  `uuid` varchar(255) COLLATE utf8mb4_unicode_ci NOT NULL,
  `connection` text COLLATE utf8mb4_unicode_ci NOT NULL,
  `queue` text COLLATE utf8mb4_unicode_ci NOT NULL,
  `payload` longtext COLLATE utf8mb4_unicode_ci NOT NULL,
  `exception` longtext COLLATE utf8mb4_unicode_ci NOT NULL,
  `failed_at` timestamp NOT NULL DEFAULT CURRENT_TIMESTAMP,
  PRIMARY KEY (`id`),
  UNIQUE KEY `failed_jobs_uuid_unique` (`uuid`)
) ENGINE=InnoDB DEFAULT CHARSET=utf8mb4 COLLATE=utf8mb4_unicode_ci;

-- --------------------------------------------------------

--
-- Table structure for table `menus`
--

DROP TABLE IF EXISTS `menus`;
CREATE TABLE IF NOT EXISTS `menus` (
  `id` int(10) UNSIGNED NOT NULL AUTO_INCREMENT,
  `name` varchar(255) COLLATE utf8mb4_unicode_ci NOT NULL,
  `created_at` timestamp NULL DEFAULT NULL,
  `updated_at` timestamp NULL DEFAULT NULL,
  PRIMARY KEY (`id`),
  UNIQUE KEY `menus_name_unique` (`name`)
) ENGINE=InnoDB AUTO_INCREMENT=2 DEFAULT CHARSET=utf8mb4 COLLATE=utf8mb4_unicode_ci;

--
-- Dumping data for table `menus`
--

INSERT INTO `menus` (`id`, `name`, `created_at`, `updated_at`) VALUES
(1, 'admin', '2020-10-13 13:21:24', '2020-10-13 13:21:24');

-- --------------------------------------------------------

--
-- Table structure for table `menu_items`
--

DROP TABLE IF EXISTS `menu_items`;
CREATE TABLE IF NOT EXISTS `menu_items` (
  `id` int(10) UNSIGNED NOT NULL AUTO_INCREMENT,
  `menu_id` int(10) UNSIGNED DEFAULT NULL,
  `title` varchar(255) COLLATE utf8mb4_unicode_ci NOT NULL,
  `url` varchar(255) COLLATE utf8mb4_unicode_ci NOT NULL,
  `target` varchar(255) COLLATE utf8mb4_unicode_ci NOT NULL DEFAULT '_self',
  `icon_class` varchar(255) COLLATE utf8mb4_unicode_ci DEFAULT NULL,
  `color` varchar(255) COLLATE utf8mb4_unicode_ci DEFAULT NULL,
  `parent_id` int(11) DEFAULT NULL,
  `order` int(11) NOT NULL,
  `created_at` timestamp NULL DEFAULT NULL,
  `updated_at` timestamp NULL DEFAULT NULL,
  `route` varchar(255) COLLATE utf8mb4_unicode_ci DEFAULT NULL,
  `parameters` text COLLATE utf8mb4_unicode_ci,
  PRIMARY KEY (`id`),
  KEY `menu_items_menu_id_foreign` (`menu_id`)
) ENGINE=InnoDB AUTO_INCREMENT=24 DEFAULT CHARSET=utf8mb4 COLLATE=utf8mb4_unicode_ci;

--
-- Dumping data for table `menu_items`
--

INSERT INTO `menu_items` (`id`, `menu_id`, `title`, `url`, `target`, `icon_class`, `color`, `parent_id`, `order`, `created_at`, `updated_at`, `route`, `parameters`) VALUES
(1, 1, 'Tableau de bord', '', '_self', 'voyager-boat', NULL, NULL, 1, '2020-10-13 13:21:24', '2020-10-13 13:21:24', 'voyager.dashboard', NULL),
(2, 1, 'Médiathèque', '', '_self', 'voyager-images', NULL, NULL, 5, '2020-10-13 13:21:24', '2020-10-13 13:21:24', 'voyager.media.index', NULL),
(3, 1, 'Utilisateurs', '', '_self', 'voyager-person', NULL, NULL, 3, '2020-10-13 13:21:25', '2020-10-13 13:21:25', 'voyager.users.index', NULL),
(4, 1, 'Rôles', '', '_self', 'voyager-lock', NULL, NULL, 2, '2020-10-13 13:21:25', '2020-10-13 13:21:25', 'voyager.roles.index', NULL),
(5, 1, 'Outils', '', '_self', 'voyager-tools', NULL, NULL, 9, '2020-10-13 13:21:25', '2020-10-13 13:21:25', NULL, NULL),
(6, 1, 'Créateur de menus', '', '_self', 'voyager-list', NULL, 5, 10, '2020-10-13 13:21:25', '2020-10-13 13:21:25', 'voyager.menus.index', NULL),
(7, 1, 'Base de données', '', '_self', 'voyager-data', NULL, 5, 11, '2020-10-13 13:21:25', '2020-10-13 13:21:25', 'voyager.database.index', NULL),
(8, 1, 'voyager::seeders.menu_items.compass', '', '_self', 'voyager-compass', NULL, 5, 12, '2020-10-13 13:21:25', '2020-10-13 13:21:25', 'voyager.compass.index', NULL),
(9, 1, 'BREAD', '', '_self', 'voyager-bread', NULL, 5, 13, '2020-10-13 13:21:25', '2020-10-13 13:21:25', 'voyager.bread.index', NULL),
(10, 1, 'Paramètres', '', '_self', 'voyager-settings', NULL, NULL, 14, '2020-10-13 13:21:25', '2020-10-13 13:21:25', 'voyager.settings.index', NULL),
(11, 1, 'Catégories', '', '_self', 'voyager-categories', NULL, NULL, 8, '2020-10-13 13:21:50', '2020-10-13 13:21:50', 'voyager.categories.index', NULL),
(12, 1, 'Posts', '', '_self', 'voyager-news', NULL, NULL, 6, '2020-10-13 13:21:55', '2020-10-13 13:21:55', 'voyager.posts.index', NULL),
(13, 1, 'Pages', '', '_self', 'voyager-file-text', NULL, NULL, 7, '2020-10-13 13:21:59', '2020-10-13 13:21:59', 'voyager.pages.index', NULL),
(14, 1, 'Hooks', '', '_self', 'voyager-hook', NULL, NULL, 13, '2020-10-13 13:22:08', '2020-10-13 13:22:08', 'voyager.hooks', NULL),
(16, 1, 'Articles', '', '_self', NULL, NULL, NULL, 15, '2020-10-13 13:52:51', '2020-10-13 13:52:51', 'voyager.articles.index', NULL),
(17, 1, 'Particuliers', '', '_self', NULL, NULL, NULL, 16, '2020-10-13 16:32:18', '2020-10-13 16:32:18', 'voyager.particuliers.index', NULL),
(18, 1, 'Partenaires', '', '_self', NULL, NULL, NULL, 17, '2020-10-13 16:33:24', '2020-10-13 16:33:24', 'voyager.partenaires.index', NULL),
(19, 1, 'Professionnels', '', '_self', NULL, NULL, NULL, 18, '2020-10-13 16:34:23', '2020-10-13 16:34:23', 'voyager.professionnels.index', NULL),
(21, 1, 'Categoriearticles', '', '_self', NULL, NULL, NULL, 19, '2020-10-15 11:55:01', '2020-10-15 11:55:01', 'voyager.categoriearticles.index', NULL),
(22, 1, 'Categorie Articles', '', '_self', NULL, NULL, NULL, 20, '2020-10-15 11:59:41', '2020-10-15 11:59:41', 'voyager.categorie-articles.index', NULL),
(23, 1, 'Type Assurances', '', '_self', NULL, NULL, NULL, 21, '2020-10-15 12:20:24', '2020-10-15 12:20:24', 'voyager.type-assurances.index', NULL);

-- --------------------------------------------------------

--
-- Table structure for table `migrations`
--

DROP TABLE IF EXISTS `migrations`;
CREATE TABLE IF NOT EXISTS `migrations` (
  `id` int(10) UNSIGNED NOT NULL AUTO_INCREMENT,
  `migration` varchar(255) COLLATE utf8mb4_unicode_ci NOT NULL,
  `batch` int(11) NOT NULL,
  PRIMARY KEY (`id`)
) ENGINE=InnoDB AUTO_INCREMENT=28 DEFAULT CHARSET=utf8mb4 COLLATE=utf8mb4_unicode_ci;

--
-- Dumping data for table `migrations`
--

INSERT INTO `migrations` (`id`, `migration`, `batch`) VALUES
(1, '2014_10_12_000000_create_users_table', 1),
(2, '2014_10_12_100000_create_password_resets_table', 1),
(3, '2016_01_01_000000_add_voyager_user_fields', 1),
(4, '2016_01_01_000000_create_data_types_table', 1),
(5, '2016_05_19_173453_create_menu_table', 1),
(6, '2016_10_21_190000_create_roles_table', 1),
(7, '2016_10_21_190000_create_settings_table', 1),
(8, '2016_11_30_135954_create_permission_table', 1),
(9, '2016_11_30_141208_create_permission_role_table', 1),
(10, '2016_12_26_201236_data_types__add__server_side', 1),
(11, '2017_01_13_000000_add_route_to_menu_items_table', 1),
(12, '2017_01_14_005015_create_translations_table', 1),
(13, '2017_01_15_000000_make_table_name_nullable_in_permissions_table', 1),
(14, '2017_03_06_000000_add_controller_to_data_types_table', 1),
(15, '2017_04_21_000000_add_order_to_data_rows_table', 1),
(16, '2017_07_05_210000_add_policyname_to_data_types_table', 1),
(17, '2017_08_05_000000_add_group_to_settings_table', 1),
(18, '2017_11_26_013050_add_user_role_relationship', 1),
(19, '2017_11_26_015000_create_user_roles_table', 1),
(20, '2018_03_11_000000_add_user_settings', 1),
(21, '2018_03_14_000000_add_details_to_data_types_table', 1),
(22, '2018_03_16_000000_make_settings_value_nullable', 1),
(23, '2019_08_19_000000_create_failed_jobs_table', 1),
(24, '2016_01_01_000000_create_pages_table', 2),
(25, '2016_01_01_000000_create_posts_table', 2),
(26, '2016_02_15_204651_create_categories_table', 2),
(27, '2017_04_11_000000_alter_post_nullable_fields_table', 2);

-- --------------------------------------------------------

--
-- Table structure for table `pages`
--

DROP TABLE IF EXISTS `pages`;
CREATE TABLE IF NOT EXISTS `pages` (
  `id` int(10) UNSIGNED NOT NULL AUTO_INCREMENT,
  `author_id` int(11) NOT NULL,
  `title` varchar(255) COLLATE utf8mb4_unicode_ci NOT NULL,
  `excerpt` text COLLATE utf8mb4_unicode_ci,
  `body` text COLLATE utf8mb4_unicode_ci,
  `image` varchar(255) COLLATE utf8mb4_unicode_ci DEFAULT NULL,
  `slug` varchar(255) COLLATE utf8mb4_unicode_ci NOT NULL,
  `meta_description` text COLLATE utf8mb4_unicode_ci,
  `meta_keywords` text COLLATE utf8mb4_unicode_ci,
  `status` enum('ACTIVE','INACTIVE') COLLATE utf8mb4_unicode_ci NOT NULL DEFAULT 'INACTIVE',
  `created_at` timestamp NULL DEFAULT NULL,
  `updated_at` timestamp NULL DEFAULT NULL,
  PRIMARY KEY (`id`),
  UNIQUE KEY `pages_slug_unique` (`slug`)
) ENGINE=InnoDB AUTO_INCREMENT=2 DEFAULT CHARSET=utf8mb4 COLLATE=utf8mb4_unicode_ci;

--
-- Dumping data for table `pages`
--

INSERT INTO `pages` (`id`, `author_id`, `title`, `excerpt`, `body`, `image`, `slug`, `meta_description`, `meta_keywords`, `status`, `created_at`, `updated_at`) VALUES
(1, 0, 'Hello World', 'Hang the jib grog grog blossom grapple dance the hempen jig gangway pressgang bilge rat to go on account lugger. Nelsons folly gabion line draught scallywag fire ship gaff fluke fathom case shot. Sea Legs bilge rat sloop matey gabion long clothes run a shot across the bow Gold Road cog league.', '<p>Hello World. Scallywag grog swab Cat o\'nine tails scuttle rigging hardtack cable nipper Yellow Jack. Handsomely spirits knave lad killick landlubber or just lubber deadlights chantey pinnace crack Jennys tea cup. Provost long clothes black spot Yellow Jack bilged on her anchor league lateen sail case shot lee tackle.</p>\n<p>Ballast spirits fluke topmast me quarterdeck schooner landlubber or just lubber gabion belaying pin. Pinnace stern galleon starboard warp carouser to go on account dance the hempen jig jolly boat measured fer yer chains. Man-of-war fire in the hole nipperkin handsomely doubloon barkadeer Brethren of the Coast gibbet driver squiffy.</p>', 'pages/page1.jpg', 'hello-world', 'Yar Meta Description', 'Keyword1, Keyword2', 'ACTIVE', '2020-10-13 13:22:00', '2020-10-13 13:22:00');

-- --------------------------------------------------------

--
-- Table structure for table `partenaires`
--

DROP TABLE IF EXISTS `partenaires`;
CREATE TABLE IF NOT EXISTS `partenaires` (
  `id` int(10) UNSIGNED NOT NULL AUTO_INCREMENT,
  `created_at` timestamp NULL DEFAULT NULL,
  `updated_at` timestamp NULL DEFAULT NULL,
  `deleted_at` timestamp NULL DEFAULT NULL,
  `nom` varchar(255) COLLATE utf8mb4_unicode_ci DEFAULT NULL,
  `logo` varchar(255) COLLATE utf8mb4_unicode_ci DEFAULT NULL,
  PRIMARY KEY (`id`)
) ENGINE=InnoDB AUTO_INCREMENT=12 DEFAULT CHARSET=utf8mb4 COLLATE=utf8mb4_unicode_ci;

--
-- Dumping data for table `partenaires`
--

INSERT INTO `partenaires` (`id`, `created_at`, `updated_at`, `deleted_at`, `nom`, `logo`) VALUES
(1, '2020-10-14 05:03:08', '2020-10-14 05:03:08', '2020-10-14 05:01:00', 'Coris Asssurances', 'partenaires/October2020/TSZDjCr9vlwEmLSKPSQ3.jpg'),
(2, '2020-10-14 05:03:47', '2020-10-14 05:03:47', NULL, 'UAB Assurances', 'partenaires/October2020/9vflPK5FEA07g2SKJ3AC.jpg'),
(5, '2020-10-14 05:04:41', '2020-10-14 05:04:41', NULL, 'SONAR', 'partenaires/October2020/GSd51vf1zZZllsL0NeaB.jpg'),
(6, '2020-10-14 05:05:20', '2020-10-14 05:05:20', NULL, 'Saham Assurances', 'partenaires/October2020/aNrPCei3ol6KJ7i56eid.jpg'),
(7, '2020-10-14 05:06:26', '2020-10-14 05:06:26', NULL, 'SUNU Group Assurances', 'partenaires/October2020/xv1sP5sTwWzhn3nFB4fZ.jpg'),
(8, '2020-10-14 05:06:56', '2020-10-14 05:06:56', '2020-10-14 05:06:00', 'Allianz', 'partenaires/October2020/vRUStO26FmlsNStJ9MEH.jpg'),
(9, '2020-10-14 05:08:07', '2020-10-14 05:08:07', NULL, 'Jackson Assurances', 'partenaires/October2020/DmPmbjB4lw4GyvCPhVTW.jpg'),
(10, '2020-10-14 05:08:46', '2020-10-14 05:08:46', NULL, 'Generale des Assurances', 'partenaires/October2020/zg6KHDopy3ptIU5P0yMM.png'),
(11, '2020-10-14 05:09:22', '2020-10-14 05:09:22', '2020-10-14 05:09:00', 'Yelen Assurances', 'partenaires/October2020/MRRaaDwBqTu8Q58V7otV.jpg');

-- --------------------------------------------------------

--
-- Table structure for table `particuliers`
--

DROP TABLE IF EXISTS `particuliers`;
CREATE TABLE IF NOT EXISTS `particuliers` (
  `id` int(10) UNSIGNED NOT NULL AUTO_INCREMENT,
  `created_at` timestamp NULL DEFAULT NULL,
  `updated_at` timestamp NULL DEFAULT NULL,
  `deleted_at` timestamp NULL DEFAULT NULL,
  `titre` varchar(255) COLLATE utf8mb4_unicode_ci DEFAULT NULL,
  `description` text COLLATE utf8mb4_unicode_ci,
  `slug` varchar(255) COLLATE utf8mb4_unicode_ci DEFAULT NULL,
  `resume` text COLLATE utf8mb4_unicode_ci,
  `image` varchar(255) COLLATE utf8mb4_unicode_ci DEFAULT NULL,
  `icone` varchar(255) COLLATE utf8mb4_unicode_ci DEFAULT NULL,
  PRIMARY KEY (`id`)
) ENGINE=InnoDB AUTO_INCREMENT=8 DEFAULT CHARSET=utf8mb4 COLLATE=utf8mb4_unicode_ci;

--
-- Dumping data for table `particuliers`
--

INSERT INTO `particuliers` (`id`, `created_at`, `updated_at`, `deleted_at`, `titre`, `description`, `slug`, `resume`, `image`, `icone`) VALUES
(1, '2020-10-13 16:53:00', '2020-10-19 11:44:06', NULL, 'Assurance Santé', '<ul class=\"text-muted\" style=\"box-sizing: border-box; margin: 0px; padding: 0px; border: 0px; outline: 0px; font-size: 16px; vertical-align: top; list-style: none; color: #333333; font-family: \'Open Sans\', sans-serif;\">\r\n<ul class=\"text-muted\" style=\"box-sizing: border-box; margin: 0px; padding: 0px; border: 0px; outline: 0px; font-size: 16px; vertical-align: top; list-style: none; color: #333333; font-family: \'Open Sans\', sans-serif;\">\r\n<li style=\"box-sizing: border-box; margin: 0px; padding: 0px; border: 0px; outline: 0px; vertical-align: top;\">\r\n<h3 class=\"text-muted\" style=\"box-sizing: border-box; font-family: inherit; line-height: 1.1; color: #138caa; margin: 15px 0px; font-size: 18px; padding: 0px; border: 0px; outline: 0px; vertical-align: top;\">Qui est Amassur.com ?</h3>\r\n<p class=\"small text-muted\" style=\"box-sizing: border-box; margin: 0px; padding: 0px; border: 0px; outline: 0px; vertical-align: top;\">Amassur est le site d\'assurance le plus fr&eacute;quent&eacute; au Burkina Faso. Inventeur du concept de comparaison d\'assurances sant&eacute; en ligne, Amassur&nbsp;interroge en quelques minutes son panel d\'offres de <strong style=\"box-sizing: border-box;\">mutuelle sant&eacute;</strong>, parmi les plus grandes marques fran&ccedil;aises. Assurland.com vous restitue ensuite les meilleures offres d\'assurance sant&eacute; adapt&eacute;es &agrave; votre profil et vous permet de recevoir des informations par courrier et par email ou de souscrire en ligne, par t&eacute;l&eacute;phone ou en agence directement aupr&egrave;s de la compagnie d\'assurances qui vous convient le mieux.</p>\r\n</li>\r\n<li style=\"box-sizing: border-box; margin: 0px; padding: 0px; border: 0px; outline: 0px; vertical-align: top;\">\r\n<h3 style=\"box-sizing: border-box; font-family: inherit; line-height: 1.1; color: #138caa; margin: 15px 0px; font-size: 18px; padding: 0px; border: 0px; outline: 0px; vertical-align: top;\">A quoi sert une mutuelle sant&eacute; ?</h3>\r\n<h3 style=\"box-sizing: border-box; font-family: inherit; line-height: 1.1; color: #138caa; margin: 15px 0px; font-size: 18px; padding: 0px; border: 0px; outline: 0px; vertical-align: top;\">&nbsp;</h3>\r\n<figure class=\"image\"><img style=\"width: 434px; height: 217px;\" title=\"Assurance sant&eacute;\" src=\"http://localhost:8000/storage/particuliers/October2020/sant&eacute;.jpg\" alt=\"Assurance sant&eacute; au Burkina faso\" />\r\n<figcaption>Assurance Sant&eacute; Burkina Faso</figcaption>\r\n</figure>\r\n<p class=\"small\" style=\"box-sizing: border-box; margin: 0px; padding: 0px; border: 0px; outline: 0px; vertical-align: top;\">&nbsp;</p>\r\n</li>\r\n<li style=\"box-sizing: border-box; margin: 0px; padding: 0px; border: 0px; outline: 0px; vertical-align: top;\">&nbsp;</li>\r\n<li style=\"box-sizing: border-box; margin: 0px; padding: 0px; border: 0px; outline: 0px; vertical-align: top;\">\r\n<p class=\"small\" style=\"box-sizing: border-box; margin: 0px; padding: 0px; border: 0px; outline: 0px; vertical-align: top;\">Une assurance sant&eacute; a pour but de prendre en charge&nbsp;<strong style=\"box-sizing: border-box;\">l\'int&eacute;gralit&eacute; ou une partie de vos d&eacute;penses de sant&eacute;</strong>&nbsp;qui ne sont pas couvertes par le r&eacute;gime obligatoire. Elle ne s\'applique qu\'aux frais de soins de sant&eacute; (consultation chez un m&eacute;decin, d&eacute;penses d\'hospitalisation, frais d\'optique et dentaire ...). Cette assurance est &agrave; distinguer des indemnit&eacute;s journali&egrave;res (vers&eacute;es par la caisse primaire d\'assurance maladie et un compl&eacute;ment des IJ est possible sous conditions dans le cadre de la souscription d\'un contrat pr&eacute;voyance) et des rentes d\'invalidit&eacute; qui sont du ressort d\'un contrat d\'assurance de type pr&eacute;voyance. Souscrire une assurance sant&eacute; permet donc d\'&ecirc;tre mieux rembours&eacute;(e) de ses d&eacute;penses de sant&eacute;.</p>\r\n</li>\r\n<li style=\"box-sizing: border-box; margin: 0px; padding: 0px; border: 0px; outline: 0px; vertical-align: top;\">\r\n<h3 style=\"box-sizing: border-box; font-family: inherit; line-height: 1.1; color: #138caa; margin: 15px 0px; font-size: 18px; padding: 0px; border: 0px; outline: 0px; vertical-align: top;\">Comment Assurland.com peut-il m\'aider si je souhaite trouver une meilleure couverture en mutuelle sant&eacute; tout en &eacute;conomisant ?</h3>\r\n<p class=\"small\" style=\"box-sizing: border-box; margin: 0px; padding: 0px; border: 0px; outline: 0px; vertical-align: top;\">Avec Assurland.com, le&nbsp;comparateur d\'assurances sant&eacute;, vous&nbsp;<strong style=\"box-sizing: border-box;\">pouvez comparer gratuitement</strong>&nbsp;les prix et garanties de nombreuses offres d\'assurance sant&eacute; (MAAF, MMA&hellip;) Commencez par d&eacute;finir vos besoins en remplissant le formulaire ci-dessus, puis consultez les garanties et les services et comparez les diff&eacute;rents remboursements. Comparer les assurances sant&eacute; vous permettra de trouver l\'assurance sant&eacute; qui convient le mieux &agrave; vos besoins et &agrave; vos attentes. C\'est-&agrave;-dire celle qui vous offre les meilleures garanties, en tenant compte de vos besoins et de vos habitudes de d&eacute;penses de sant&eacute;.</p>\r\n<br style=\"box-sizing: border-box;\" />\r\n<p class=\"small\" style=\"box-sizing: border-box; margin: 0px; padding: 0px; border: 0px; outline: 0px; vertical-align: top;\">Remplir le questionnaire vous prendra moins de 5 minutes ! Les propositions pr&eacute;sent&eacute;es ne sont valables que&nbsp;<strong style=\"box-sizing: border-box;\">sous r&eacute;serve de l\'exactitude de vos d&eacute;clarations</strong>. De plus, c\'est uniquement en tenant compte de vos besoins r&eacute;els et de vos habitudes de d&eacute;penses de sant&eacute; qu\'Assurland.com pourra vous aider &agrave; faire le bon choix pour votre assurance sant&eacute;.</p>\r\n</li>\r\n</ul>\r\n</ul>\r\n<section style=\"box-sizing: border-box;\">\r\n<h2 id=\"Fonctionnement\" style=\"box-sizing: border-box; font-family: inherit; font-weight: 500; line-height: 1.1em; color: #b50000; margin: -30px 0px 0px; font-size: 20px; padding: 70px 0px 0px; border: 0px; outline: 0px; vertical-align: top;\">Comment fonctionne une mutuelle sant&eacute;&nbsp;?</h2>\r\n<ul style=\"box-sizing: border-box; margin: 0px; padding: 0px; border: 0px; outline: 0px; vertical-align: top; list-style: none;\">\r\n<li style=\"box-sizing: border-box; margin: 0px; padding: 0px; border: 0px; outline: 0px; vertical-align: top;\">\r\n<h3 style=\"box-sizing: border-box; font-family: inherit; line-height: 1.1; color: #138caa; margin: 15px 0px; font-size: 18px; padding: 0px; border: 0px; outline: 0px; vertical-align: top;\">Est-ce obligatoire de souscrire une mutuelle sant&eacute; ?</h3>\r\n<p class=\"small\" style=\"box-sizing: border-box; margin: 0px; padding: 0px; border: 0px; outline: 0px; vertical-align: top;\">Si vous &ecirc;tes un salari&eacute; de la fonction publique ou si vous &ecirc;tes au ch&ocirc;mage, l\'adh&eacute;sion d\'une mutuelle sant&eacute; n\'est pas obligatoire mais fortement conseill&eacute;e. &Agrave; l\'inverse, si vous &ecirc;tes un salari&eacute; d\'une entreprise priv&eacute;e, vous devrez adh&eacute;rer &agrave; la mutuelle collective de votre entreprise. Une mutuelle prise en charge &agrave; hauteur de 50% par votre soci&eacute;t&eacute;.</p>\r\n</li>\r\n<li style=\"box-sizing: border-box; margin: 0px; padding: 0px; border: 0px; outline: 0px; vertical-align: top;\">\r\n<h3 style=\"box-sizing: border-box; font-family: inherit; line-height: 1.1; color: #138caa; margin: 15px 0px; font-size: 18px; padding: 0px; border: 0px; outline: 0px; vertical-align: top;\">Quelle est la diff&eacute;rence entre une mutuelle sant&eacute; et une assurance sant&eacute; ?</h3>\r\n<p class=\"small\" style=\"box-sizing: border-box; margin: 0px; padding: 0px; border: 0px; outline: 0px; vertical-align: top;\">Une assurance sant&eacute; et une mutuelle sant&eacute; ont des statuts diff&eacute;rents mais proposent toutes les deux des couvertures sant&eacute;. L\'assurance est r&eacute;gie par le code des assurances alors que la mutuelle est r&eacute;gie par le code de la Mutualit&eacute;. La mutuelle sant&eacute;, soci&eacute;t&eacute; de personnes &agrave; but non lucratif, va se baser sur un principe de solidarit&eacute; entre ses adh&eacute;rents. Ces derniers peuvent intervenir dans son organisation. L\'assurance est une soci&eacute;t&eacute; priv&eacute;e et les assur&eacute;s n\'interf&egrave;rent pas dans la gestion de cette soci&eacute;t&eacute;.</p>\r\n</li>\r\n<li style=\"box-sizing: border-box; margin: 0px; padding: 0px; border: 0px; outline: 0px; vertical-align: top;\">\r\n<h3 style=\"box-sizing: border-box; font-family: inherit; line-height: 1.1; color: #138caa; margin: 15px 0px; font-size: 18px; padding: 0px; border: 0px; outline: 0px; vertical-align: top;\">Pourquoi faut-il souscrire une mutuelle sant&eacute;&nbsp;?</h3>\r\n<p class=\"small\" style=\"box-sizing: border-box; margin: 0px; padding: 0px; border: 0px; outline: 0px; vertical-align: top;\">Une mutuelle sant&eacute; peut prendre en charge la diff&eacute;rence entre ce qui est rembours&eacute; par la S&eacute;curit&eacute; sociale et ce que vous allez d&eacute;bourser. Dans la majorit&eacute; des cas, la S&eacute;curit&eacute; sociale vous remboursera &agrave; hauteur de 70% du tarif conventionn&eacute;. Gr&acirc;ce &agrave; l\'assurance sant&eacute;, vous pourrez obtenir un compl&eacute;ment pour r&eacute;gler la totalit&eacute; ou la quasi-totalit&eacute; de la facture du praticien. De plus,&nbsp;<strong style=\"box-sizing: border-box;\">les d&eacute;passements d\'honoraires</strong>&nbsp;sont courants surtout quand vous consultez un sp&eacute;cialiste et ne sont pas couverts par la S&eacute;curit&eacute; Sociale.</p>\r\n</li>\r\n<li style=\"box-sizing: border-box; margin: 0px; padding: 0px; border: 0px; outline: 0px; vertical-align: top;\">\r\n<h3 style=\"box-sizing: border-box; font-family: inherit; line-height: 1.1; color: #138caa; margin: 15px 0px; font-size: 18px; padding: 0px; border: 0px; outline: 0px; vertical-align: top;\">Comment choisir un contrat mutuelle senior ?</h3>\r\n<p class=\"small\" style=\"box-sizing: border-box; margin: 0px; padding: 0px; border: 0px; outline: 0px; vertical-align: top;\">Avec l\'&acirc;ge, les d&eacute;penses sant&eacute; peuvent augmenter. Pour faire face &agrave; cette augmentation des co&ucirc;ts, mieux vaut&nbsp;<a style=\"box-sizing: border-box; background-color: transparent; color: #138caa; text-decoration-line: none; margin: 0px; padding: 0px; border: 0px; outline: 0px; vertical-align: top; cursor: pointer;\" href=\"https://www.assurland.com/assurance-blog/infos-pratiques-assurance/que-faut-il-savoir-sur-la-mutuelle-sante-senior.html\">opter pour une mutuelle s&eacute;nior</a>. Pour choisir son contrat, il est pr&eacute;f&eacute;rable de suivre quelques r&egrave;gles. Pensez &agrave; bien identifier vos besoins, n\'oubliez pas de prendre en compte les risques graves comme l\'hospitalisation par exemple. N\'h&eacute;sitez pas non plus &agrave; utiliser un comparateur d\'assurances qui vous aidera &agrave; trouver la mutuelle senior qu\'il vous faut en moins de 5 minutes.</p>\r\n</li>\r\n<li style=\"box-sizing: border-box; margin: 0px; padding: 0px; border: 0px; outline: 0px; vertical-align: top;\">\r\n<h3 style=\"box-sizing: border-box; font-family: inherit; line-height: 1.1; color: #138caa; margin: 15px 0px; font-size: 18px; padding: 0px; border: 0px; outline: 0px; vertical-align: top;\">Quelle mutuelle sant&eacute; &eacute;tudiante souscrire ?</h3>\r\n<p class=\"small\" style=\"box-sizing: border-box; margin: 0px; padding: 0px; border: 0px; outline: 0px; vertical-align: top;\">Au contraire de la protection de la s&eacute;curit&eacute; sociale qui est obligatoire pour tous les &eacute;tudiants,&nbsp;<a style=\"box-sizing: border-box; background-color: transparent; color: #138caa; text-decoration-line: none; margin: 0px; padding: 0px; border: 0px; outline: 0px; vertical-align: top; cursor: pointer;\" href=\"https://www.assurland.com/assurance-blog/infos-pratiques-assurance/comment-choisir-sa-mutuelle-etudiante.html\">la souscription d\'une mutuelle sant&eacute; &eacute;tudiante</a>&nbsp;est facultative. Toutefois, celle-ci est tr&egrave;s fortement conseill&eacute;. D&egrave;s lors, comment faire ? Depuis la rentr&eacute;e de septembre 2018, l\'ensemble des &eacute;tudiants &acirc;g&eacute;s de plus de 16 ans au 1er septembre de l\'ann&eacute;e universitaire en cours et inscrit dans un &eacute;tablissement d\'enseignement sup&eacute;rieur, sont affili&eacute;s au R&eacute;gime g&eacute;n&eacute;ral de la S&eacute;curit&eacute; sociale.</p>\r\n<br style=\"box-sizing: border-box;\" />\r\n<p class=\"small\" style=\"box-sizing: border-box; margin: 0px; padding: 0px; border: 0px; outline: 0px; vertical-align: top;\">Il existe &eacute;galement des aides pour les &eacute;tudiants ne b&eacute;n&eacute;ficiant pas de compl&eacute;mentaire sant&eacute; &eacute;tudiante. Si l\'&eacute;tudiant a moins de 25 ans et est &agrave; la charge de ses parents, le droit &agrave; la compl&eacute;mentaire sant&eacute; solidaire (CSS) est examin&eacute;e dans le cadre d\'une demande familiale. Pour les &eacute;tudiants de moins de 25 ans n\'&eacute;tant plus &agrave; charge, il leur est possible de de faire une demande de CSS &agrave; titre individuel.</p>\r\n</li>\r\n<li style=\"box-sizing: border-box; margin: 0px; padding: 0px; border: 0px; outline: 0px; vertical-align: top;\">\r\n<h3 style=\"box-sizing: border-box; font-family: inherit; line-height: 1.1; color: #138caa; margin: 15px 0px; font-size: 18px; padding: 0px; border: 0px; outline: 0px; vertical-align: top;\">Comment &ecirc;tre couvert par une mutuelle ch&ocirc;meur ?</h3>\r\n<p class=\"small\" style=\"box-sizing: border-box; margin: 0px; padding: 0px; border: 0px; outline: 0px; vertical-align: top;\">Si vous vous retrouvez au ch&ocirc;mage, sachez qu&rsquo;il existe plusieurs solutions pour &ecirc;tre&nbsp;<a style=\"box-sizing: border-box; background-color: transparent; color: #138caa; text-decoration-line: none; margin: 0px; padding: 0px; border: 0px; outline: 0px; vertical-align: top; cursor: pointer;\" href=\"https://www.assurland.com/assurance-blog/infos-pratiques-assurance/chomeur-comment-trouver-une-mutuelle-sante.html\">couvert par une mutuelle demandeurs d&rsquo;emploi</a>. Si vous &ecirc;tes couvert par une mutuelle sant&eacute; individuelle, vous pourrez la conserver. Dans le cas d&rsquo;une situation financi&egrave;re d&eacute;licate, vous pouvez demander une baisse de vos garanties. Certaines mutuelles le permettent. Ainsi, votre cotisation sera moins &eacute;lev&eacute;e.</p>\r\n<br style=\"box-sizing: border-box;\" />\r\n<p class=\"small\" style=\"box-sizing: border-box; margin: 0px; padding: 0px; border: 0px; outline: 0px; vertical-align: top;\">Si vous &eacute;tiez couvert par une mutuelle sant&eacute; collective, sachez qu&rsquo;il est possible de b&eacute;n&eacute;ficier de la portabilit&eacute; de votre mutuelle ch&ocirc;meur. En clair, m&ecirc;me si vous recherchez un emploi vous pourrez &ecirc;tre couvert par l&rsquo;assurance. Attention tout de m&ecirc;me, cette mesure ne peut pas exc&eacute;der une ann&eacute;e.</p>\r\n<br style=\"box-sizing: border-box;\" />\r\n<p class=\"small\" style=\"box-sizing: border-box; margin: 0px; padding: 0px; border: 0px; outline: 0px; vertical-align: top;\">Aussi, si votre conjoint(e) profite d&rsquo;une mutuelle d&rsquo;entreprise, vous pourrez profiter de son contrat en demandant votre rattachement. Enfin, les personnes les plus pr&eacute;caires peuvent b&eacute;n&eacute;ficier de la Compl&eacute;mentaire Sant&eacute; Solidaire (CSS). Les d&eacute;penses de sant&eacute; sont prises en charge &agrave; hauteur de 100% des tarifs de la S&eacute;curit&eacute; sociale.</p>\r\n</li>\r\n<li style=\"box-sizing: border-box; margin: 0px; padding: 0px; border: 0px; outline: 0px; vertical-align: top;\">\r\n<h3 style=\"box-sizing: border-box; font-family: inherit; line-height: 1.1; color: #138caa; margin: 15px 0px; font-size: 18px; padding: 0px; border: 0px; outline: 0px; vertical-align: top;\">Qu\'est-ce que la mutuelle sant&eacute; collective&nbsp;?</h3>\r\n<p class=\"small\" style=\"box-sizing: border-box; margin: 0px; padding: 0px; border: 0px; outline: 0px; vertical-align: top;\">Depuis le 1er janvier 2016, les entreprises du secteur priv&eacute; sont dans l\'obligation de proposer &agrave; leurs salari&eacute;s une mutuelle sant&eacute; collective. Une d&eacute;cision qui r&eacute;sulte de&nbsp;<strong style=\"box-sizing: border-box;\">la Loi ANI</strong>. En 2013, un accord est sign&eacute; entre les syndicats (CFE-CGC, CFDT, CFTC) et les organisations patronales (MEDEF, UPA, CGPME). A l\'&eacute;poque, cet accord a pour vocation d\'offrir une mutuelle sant&eacute; &agrave; 4 millions de salari&eacute;s. L\'entreprise prend &agrave; sa charge 50% du tarif d\'assurance.</p>\r\n<br style=\"box-sizing: border-box;\" />\r\n<p class=\"small\" style=\"box-sizing: border-box; margin: 0px; padding: 0px; border: 0px; outline: 0px; vertical-align: top;\">Hors cas particuliers (d&eacute;mission, licenciement, fin de contrat &hellip;), cette mutuelle est obligatoire. Cependant, si un salari&eacute; pense que l\'assurance sant&eacute; ne r&eacute;pond pas &agrave; ses besoins, il peut contracter une couverture suppl&eacute;mentaire sant&eacute; &agrave; titre individuel. C\'est ce qu\'on appelle une surcompl&eacute;mentaire.</p>\r\n</li>\r\n<li style=\"box-sizing: border-box; margin: 0px; padding: 0px; border: 0px; outline: 0px; vertical-align: top;\">\r\n<h3 style=\"box-sizing: border-box; font-family: inherit; line-height: 1.1; color: #138caa; margin: 15px 0px; font-size: 18px; padding: 0px; border: 0px; outline: 0px; vertical-align: top;\">Puis-je refuser d\'adh&eacute;rer &agrave; une mutuelle sant&eacute; collective&nbsp;?</h3>\r\n<p class=\"small\" style=\"box-sizing: border-box; margin: 0px; padding: 0px; border: 0px; outline: 0px; vertical-align: top;\">Hors cas particuliers (d&eacute;mission, licenciement, fin de contrat &hellip;),&nbsp;<strong style=\"box-sizing: border-box;\">la mutuelle sant&eacute; collective est obligatoire</strong>. Cependant, si un salari&eacute; du secteur priv&eacute; juge que la mutuelle dont il b&eacute;n&eacute;ficie par son entreprise ne r&eacute;pond &agrave; ses besoins, il peut souscrire une couverture suppl&eacute;mentaire sant&eacute; &agrave; titre individuel. On parle alors d\'une surcompl&eacute;mentaire.</p>\r\n</li>\r\n<li style=\"box-sizing: border-box; margin: 0px; padding: 0px; border: 0px; outline: 0px; vertical-align: top;\">\r\n<h3 style=\"box-sizing: border-box; font-family: inherit; line-height: 1.1; color: #138caa; margin: 15px 0px; font-size: 18px; padding: 0px; border: 0px; outline: 0px; vertical-align: top;\">Quelle est la diff&eacute;rence entre une mutuelle sant&eacute; collective et un contrat groupe&nbsp;?</h3>\r\n<p class=\"small\" style=\"box-sizing: border-box; margin: 0px; padding: 0px; border: 0px; outline: 0px; vertical-align: top;\">Un contrat de groupe est sign&eacute; entre un assureur et un groupe de personnes alors que les signataires d\'un contrat individuel sont au nombre de deux&nbsp;: l\'assureur et l\'assur&eacute;&nbsp;; m&ecirc;me si l\'assur&eacute; dans le contrat individuel peut couvrir &eacute;galement d\'autres personnes comme les ayants-droit. La mutuelle d\'entreprise sant&eacute; collective est un contrat de groupe qui a pour objectif de prot&eacute;ger le salari&eacute;. La Mutuelle sant&eacute; d\'entreprise collective est souscrite par une personne morale ou un chef d\'entreprise en vue de l\'adh&eacute;sion d\'un ensemble de salari&eacute;s d\'une m&ecirc;me entreprise. Ainsi, la mutuelle sant&eacute; collective prendra en charge la diff&eacute;rence ou presque entre ce qui est rembours&eacute; par la S&eacute;curit&eacute; sociale et ce qui a &eacute;t&eacute; vers&eacute; par le salari&eacute;.</p>\r\n</li>\r\n<li style=\"box-sizing: border-box; margin: 0px; padding: 0px; border: 0px; outline: 0px; vertical-align: top;\">\r\n<h3 style=\"box-sizing: border-box; font-family: inherit; line-height: 1.1; color: #138caa; margin: 15px 0px; font-size: 18px; padding: 0px; border: 0px; outline: 0px; vertical-align: top;\">Qu\'est-ce que la compl&eacute;mentaire sant&eacute; solidaire ?</h3>\r\n<p class=\"small\" style=\"box-sizing: border-box; margin: 0px; padding: 0px; border: 0px; outline: 0px; vertical-align: top;\">Depuis le 1er novembre 2019, les personnes les plus pr&eacute;caires peuvent obtenir une nouvelle prestation sociale. Il s\'agit de la compl&eacute;mentaire sant&eacute; solidaire (CSS). L\'aide est n&eacute;e de la fusion entre Couverture Maladie Universelle Compl&eacute;mentaire (CMU-C) et de l\'Aide au paiement d\'une compl&eacute;mentaire sant&eacute; (ACS). En fonction des revenus de la personne, la CSS peut revenir &agrave; un euro par jour.</p>\r\n<br style=\"box-sizing: border-box;\" />\r\n<p class=\"small\" style=\"box-sizing: border-box; margin: 0px; padding: 0px; border: 0px; outline: 0px; vertical-align: top;\">Ainsi, cette prestation ouvre la prise en charge de la part compl&eacute;mentaire des d&eacute;penses de sant&eacute;. Concr&egrave;tement, les d&eacute;penses de sant&eacute; vont &ecirc;tre prises en charge &agrave; hauteur de 100% des tarifs de la S&eacute;curit&eacute; sociale. Le malade n\'a plus besoin de mettre la main &agrave; la poche pour payer sa consultation chez le m&eacute;decin ou encore chez le dentiste. C\'est aussi la m&ecirc;me chose pour les m&eacute;dicaments qu\'il devra r&eacute;cup&eacute;rer chez son pharmacien. Elle ouvre aussi le droit &agrave; d\'autres avantages tels que le tiers-payant, les tarifs m&eacute;dicaux sans d&eacute;passement d\'honoraires, la prise en charge du forfait hospitalier journalier ou encore le non-paiement des lunettes, des proth&egrave;ses dentaires et auditives, des cannes et autres fauteuils roulants.</p>\r\n</li>\r\n<li style=\"box-sizing: border-box; margin: 0px; padding: 0px; border: 0px; outline: 0px; vertical-align: top;\">\r\n<h3 style=\"box-sizing: border-box; font-family: inherit; line-height: 1.1; color: #138caa; margin: 15px 0px; font-size: 18px; padding: 0px; border: 0px; outline: 0px; vertical-align: top;\">Qu\'est-ce que la mutuelle communale ?</h3>\r\n<p class=\"small\" style=\"box-sizing: border-box; margin: 0px; padding: 0px; border: 0px; outline: 0px; vertical-align: top;\">Aujourd\'hui, certaines municipalit&eacute;s proposent &agrave; leurs habitants une mutuelle communale. Il s\'agit d\'une alternative &agrave; petit prix pour pr&egrave;s de 3 millions de Fran&ccedil;ais qui ne poss&egrave;dent pas encore de compl&eacute;mentaire sant&eacute;. Cette mutuelle sant&eacute; peut offrir de nombreux avantages &agrave; ses adh&eacute;rents. Anciennement appel&eacute; &laquo; la mutuelle de village &raquo;, ce contrat a pour objectif de rassembler le plus grand nombre d\'habitants afin de n&eacute;gocier des tarifs plus comp&eacute;titifs. Et en premier lieu, il s\'agit du prix. Les cotisations peuvent diminuer de 30 &agrave; 60%. Concernant les conditions d\'adh&eacute;sion, sachez qu\'elles sont simplifi&eacute;es. Le seul crit&egrave;re : r&eacute;sider dans la commune. Il n\'y a pas de limite d\'&acirc;ge, ni de revenu.</p>\r\n</li>\r\n</ul>\r\n<section style=\"box-sizing: border-box;\">\r\n<h2 id=\"Souscrire\" style=\"box-sizing: border-box; font-family: inherit; font-weight: 500; line-height: 1.1em; color: #b50000; margin: -30px 0px 0px; font-size: 20px; padding: 70px 0px 0px; border: 0px; outline: 0px; vertical-align: top;\">Souscrire une assurance sant&eacute; avec un comparateur en ligne</h2>\r\n<ul style=\"box-sizing: border-box; margin: 0px; padding: 0px; border: 0px; outline: 0px; vertical-align: top; list-style: none;\">\r\n<li style=\"box-sizing: border-box; margin: 0px; padding: 0px; border: 0px; outline: 0px; vertical-align: top;\">\r\n<h3 style=\"box-sizing: border-box; font-family: inherit; line-height: 1.1; color: #138caa; margin: 15px 0px; font-size: 18px; padding: 0px; border: 0px; outline: 0px; vertical-align: top;\">Comment remplir le formulaire sant&eacute; sur Assurland.com&nbsp;?</h3>\r\n<p class=\"small\" style=\"box-sizing: border-box; margin: 0px; padding: 0px; border: 0px; outline: 0px; vertical-align: top;\">Pour remplir le questionnaire en ligne qui vous permettra de faire une comparaison, il vous faudra certaines informations&nbsp;:</p>\r\n<ul class=\"small\" style=\"box-sizing: border-box; margin: 0px; padding: 0px; border: 0px; outline: 0px; vertical-align: top; list-style: none;\">\r\n<li style=\"box-sizing: border-box; margin: 0px; padding: 0px; border: 0px; outline: 0px; vertical-align: top;\">- Le nom de&nbsp;<strong style=\"box-sizing: border-box;\">votre mutuelle sant&eacute; actuelle</strong></li>\r\n<li style=\"box-sizing: border-box; margin: 0px; padding: 0px; border: 0px; outline: 0px; vertical-align: top;\">-&nbsp;<strong style=\"box-sizing: border-box;\">Le mois d\'&eacute;ch&eacute;ance</strong>&nbsp;de votre contrat actuel. La date d\'&eacute;ch&eacute;ance est la date anniversaire de votre contrat. Elle correspond g&eacute;n&eacute;ralement &agrave; la date de souscription mais elle peut-&ecirc;tre fixe chaque ann&eacute;e.</li>\r\n<li style=\"box-sizing: border-box; margin: 0px; padding: 0px; border: 0px; outline: 0px; vertical-align: top;\">-&nbsp;<strong style=\"box-sizing: border-box;\">Le niveau de protection</strong>&nbsp;que vous recherchez. Il peut s\'agir d\'une formule &eacute;conomique, d\'une formule budget, d\'une formule confort ou d\'une formule s&eacute;r&eacute;nit&eacute;.</li>\r\n<li style=\"box-sizing: border-box; margin: 0px; padding: 0px; border: 0px; outline: 0px; vertical-align: top;\">-&nbsp;<strong style=\"box-sizing: border-box;\">Le nombre de personnes &agrave; assurer</strong>&nbsp;(conjoint ou pas, enfant ou pas)&nbsp;<strong style=\"box-sizing: border-box;\">et leur &acirc;ge</strong></li>\r\n<li style=\"box-sizing: border-box; margin: 0px; padding: 0px; border: 0px; outline: 0px; vertical-align: top;\">-&nbsp;<strong style=\"box-sizing: border-box;\">Le r&eacute;gime social des assur&eacute;s</strong>&nbsp;(R&eacute;gime g&eacute;n&eacute;ral, r&eacute;gime TNS, R&eacute;gime Alsace Moselle)</li>\r\n</ul>\r\n<p style=\"box-sizing: border-box; margin: 0px; padding: 0px; border: 0px; outline: 0px; vertical-align: top;\">&nbsp;</p>\r\n<br style=\"box-sizing: border-box;\" />\r\n<p class=\"small\" style=\"box-sizing: border-box; margin: 0px; padding: 0px; border: 0px; outline: 0px; vertical-align: top;\">Il faudra ensuite renseigner votre situation familiale, votre profession ainsi que votre adresse postale. D&egrave;s que le formulaire est compl&eacute;t&eacute;, vous pourrez recevoir les offres de&nbsp;<strong style=\"box-sizing: border-box;\">78 assurances r&eacute;f&eacute;renc&eacute;es</strong>&nbsp;sur Assurland.com.</p>\r\n</li>\r\n<li style=\"box-sizing: border-box; margin: 0px; padding: 0px; border: 0px; outline: 0px; vertical-align: top;\">\r\n<h3 style=\"box-sizing: border-box; font-family: inherit; line-height: 1.1; color: #138caa; margin: 15px 0px; font-size: 18px; padding: 0px; border: 0px; outline: 0px; vertical-align: top;\">Des couvertures diff&eacute;rentes selon votre profil d\'assur&eacute;</h3>\r\n<p class=\"small\" style=\"box-sizing: border-box; margin: 0px; padding: 0px; border: 0px; outline: 0px; vertical-align: top;\">Dans le formulaire sant&eacute; propos&eacute; par Assurland.com, vous pourrez choisir entre plusieurs couvertures. Elles sont actuellement au nombre de quatre.</p>\r\n<ul class=\"small\" style=\"box-sizing: border-box; margin: 0px; padding: 0px; border: 0px; outline: 0px; vertical-align: top; list-style: none;\">\r\n<li style=\"box-sizing: border-box; margin: 0px; padding: 0px; border: 0px; outline: 0px; vertical-align: top;\">-&nbsp;<strong style=\"box-sizing: border-box;\">La formule &eacute;conomique</strong>&nbsp;: il s\'agit d\'une prise en charge de vos frais d\'hospitalisation</li>\r\n<li style=\"box-sizing: border-box; margin: 0px; padding: 0px; border: 0px; outline: 0px; vertical-align: top;\">-&nbsp;<strong style=\"box-sizing: border-box;\">La formule budget</strong>&nbsp;: il s\'agit d\'une prise en charge &eacute;tendue &agrave; la majorit&eacute; des soins</li>\r\n<li style=\"box-sizing: border-box; margin: 0px; padding: 0px; border: 0px; outline: 0px; vertical-align: top;\">-&nbsp;<strong style=\"box-sizing: border-box;\">La formule confort</strong>&nbsp;: il s\'agit d\'une prise en charge renforc&eacute;e de vos d&eacute;penses</li>\r\n<li style=\"box-sizing: border-box; margin: 0px; padding: 0px; border: 0px; outline: 0px; vertical-align: top;\">-&nbsp;<strong style=\"box-sizing: border-box;\">La prise en charge s&eacute;r&eacute;nit&eacute;</strong>&nbsp;: il s\'agit d\'une prise en charge optimale des d&eacute;passements d\'honoraires.</li>\r\n</ul>\r\n<p style=\"box-sizing: border-box; margin: 0px; padding: 0px; border: 0px; outline: 0px; vertical-align: top;\">&nbsp;</p>\r\n</li>\r\n<li style=\"box-sizing: border-box; margin: 0px; padding: 0px; border: 0px; outline: 0px; vertical-align: top;\">\r\n<h3 style=\"box-sizing: border-box; font-family: inherit; line-height: 1.1; color: #138caa; margin: 15px 0px; font-size: 18px; padding: 0px; border: 0px; outline: 0px; vertical-align: top;\">Quel est le d&eacute;lai de r&eacute;tractation pour une assurance sant&eacute;&nbsp;?</h3>\r\n<p class=\"small\" style=\"box-sizing: border-box; margin: 0px; padding: 0px; border: 0px; outline: 0px; vertical-align: top;\">Une personne qui d&eacute;cide de contracter une mutuelle sant&eacute; dispose d\'un d&eacute;lai de r&eacute;tractation d&egrave;s lors que la prise d\'effet des garanties n\'a pas d&eacute;j&agrave; eu lieu. Concr&egrave;tement, vous pouvez changer d\'avis et renoncer &agrave; vous assurer. Dans ce cas, vous disposez&nbsp;<strong style=\"box-sizing: border-box;\">d\'un d&eacute;lai de 14 jours</strong>&nbsp;pour y renoncer et vous n\'aurez pas la moindre p&eacute;nalit&eacute; de la part de l\'assureur. Vous pouvez alors contacter l\'assureur par t&eacute;l&eacute;phone pour lui signifier votre d&eacute;cision. Cependant, il est pr&eacute;f&eacute;rable d\'adresser un courrier &agrave; l\'assurance pour &eacute;viter un litige. Si vous avez d&eacute;j&agrave; vers&eacute; une cotisation, l\'assurance devra vous la rembourser dans les meilleurs d&eacute;lais. Dans les faits, elle aura 30 jours pour vous rembourser. Attention, pour obtenir ce d&eacute;lai de r&eacute;tractation, la signature de la mutuelle sant&eacute; doit avoir &eacute;t&eacute; effectu&eacute;e &agrave; distance (internet, t&eacute;l&eacute;phone&hellip;). Vous ne pourrez pas changer d\'avis, si vous vous &ecirc;tes rendus dans une agence.</p>\r\n</li>\r\n</ul>\r\n</section>\r\n<section style=\"box-sizing: border-box;\">\r\n<h2 id=\"Prix\" style=\"box-sizing: border-box; font-family: inherit; font-weight: 500; line-height: 1.1em; color: #b50000; margin: -30px 0px 0px; font-size: 20px; padding: 70px 0px 0px; border: 0px; outline: 0px; vertical-align: top;\">Le prix d\'une mutuelle sant&eacute;</h2>\r\n<ul style=\"box-sizing: border-box; margin: 0px; padding: 0px; border: 0px; outline: 0px; vertical-align: top; list-style: none;\">\r\n<li style=\"box-sizing: border-box; margin: 0px; padding: 0px; border: 0px; outline: 0px; vertical-align: top;\">\r\n<h3 style=\"box-sizing: border-box; font-family: inherit; line-height: 1.1; color: #138caa; margin: 15px 0px; font-size: 18px; padding: 0px; border: 0px; outline: 0px; vertical-align: top;\">Quel tarif pour une mutuelle sant&eacute; ?</h3>\r\n<p class=\"small\" style=\"box-sizing: border-box; margin: 0px; padding: 0px; border: 0px; outline: 0px; vertical-align: top;\">Le tarif d\'une compl&eacute;mentaire sant&eacute; va d&eacute;pendre de votre situation familiale. Si vous &ecirc;tes seul, le prix sera d\'une cinquante d\'euros par mois. Une somme qui doublera pour un retrait&eacute;. Compter une centaine d\'euros par mois pour une famille avec deux jeunes enfants. Bien &eacute;videmment, le prix peut augmenter en fonction du contrat.</p>\r\n</li>\r\n<li style=\"box-sizing: border-box; margin: 0px; padding: 0px; border: 0px; outline: 0px; vertical-align: top;\">\r\n<h3 style=\"box-sizing: border-box; font-family: inherit; line-height: 1.1; color: #138caa; margin: 15px 0px; font-size: 18px; padding: 0px; border: 0px; outline: 0px; vertical-align: top;\">Trouver une mutuelle sant&eacute; pas ch&egrave;re</h3>\r\n<p class=\"small\" style=\"box-sizing: border-box; margin: 0px; padding: 0px; border: 0px; outline: 0px; vertical-align: top;\">Pour trouver une assurance sant&eacute; en&nbsp;<strong style=\"box-sizing: border-box;\">r&eacute;alisant des &eacute;conomies</strong>, il faut&nbsp;<strong style=\"box-sizing: border-box;\">comparer les offres et contrats</strong>&nbsp;des diff&eacute;rents assureurs. Assurland.com vous recommande d\'utiliser son formulaire d\'assurance sant&eacute;.</p>\r\n</li>\r\n</ul>\r\n</section>\r\n<section style=\"box-sizing: border-box;\">\r\n<h2 id=\"Remboursement\" style=\"box-sizing: border-box; font-family: inherit; font-weight: 500; line-height: 1.1em; color: #b50000; margin: -30px 0px 0px; font-size: 20px; padding: 70px 0px 0px; border: 0px; outline: 0px; vertical-align: top;\">La mutuelle sant&eacute; et le remboursement</h2>\r\n<ul style=\"box-sizing: border-box; margin: 0px; padding: 0px; border: 0px; outline: 0px; vertical-align: top; list-style: none;\">\r\n<li style=\"box-sizing: border-box; margin: 0px; padding: 0px; border: 0px; outline: 0px; vertical-align: top;\">\r\n<h3 style=\"box-sizing: border-box; font-family: inherit; line-height: 1.1; color: #138caa; margin: 15px 0px; font-size: 18px; padding: 0px; border: 0px; outline: 0px; vertical-align: top;\">Comment fonctionnent les remboursements mutuelle sant&eacute; ?</h3>\r\n<p class=\"small\" style=\"box-sizing: border-box; margin: 0px; padding: 0px; border: 0px; outline: 0px; vertical-align: top;\">La S&eacute;curit&eacute; Sociale rembourse les frais de sant&eacute; sur la base des tarifs conventionnels. G&eacute;n&eacute;ralement, elle rembourse &agrave; un patient 70 % de ce tarif. La mutuelle sant&eacute; va tenir compte de cette base pour rembourser le compl&eacute;ment.</p>\r\n</li>\r\n<li style=\"box-sizing: border-box; margin: 0px; padding: 0px; border: 0px; outline: 0px; vertical-align: top;\">\r\n<h3 style=\"box-sizing: border-box; font-family: inherit; line-height: 1.1; color: #138caa; margin: 15px 0px; font-size: 18px; padding: 0px; border: 0px; outline: 0px; vertical-align: top;\">Qu\'est-ce que le tiers payant&nbsp;?</h3>\r\n<p class=\"small\" style=\"box-sizing: border-box; margin: 0px; padding: 0px; border: 0px; outline: 0px; vertical-align: top;\">Le tiers payant permet &agrave; un patient de ne pas avancer la totalit&eacute; de ses frais de sant&eacute;. Les professionnels de sant&eacute; sont directement rembours&eacute;s par la S&eacute;curit&eacute; Sociale et la compl&eacute;mentaire sant&eacute;.</p>\r\n</li>\r\n<li style=\"box-sizing: border-box; margin: 0px; padding: 0px; border: 0px; outline: 0px; vertical-align: top;\">\r\n<h3 style=\"box-sizing: border-box; font-family: inherit; line-height: 1.1; color: #138caa; margin: 15px 0px; font-size: 18px; padding: 0px; border: 0px; outline: 0px; vertical-align: top;\">Qu\'est-ce que le reste &agrave; charge z&eacute;ro (RAC 0)&nbsp;?</h3>\r\n<p class=\"small\" style=\"box-sizing: border-box; margin: 0px; padding: 0px; border: 0px; outline: 0px; vertical-align: top;\">C\'est une promesse d\'Emmanuel Macron. Cette mesure qui doit entrer progressivement en vigueur entre 2019 et 2021 doit permettre &agrave; un Fran&ccedil;ais de ne plus &agrave; mettre la main &agrave; la poche pour s\'&eacute;quiper d\'une paire de lunettes, d\'un appareil auditif ou d\'une proth&egrave;se dentaire. Son co&ucirc;t est estim&eacute; &agrave; 1 milliard d\'euros dont 750 millions d\'euros pris en charge par la S&eacute;curit&eacute; sociale.</p>\r\n</li>\r\n</ul>\r\n</section>\r\n<section style=\"box-sizing: border-box;\">\r\n<h2 id=\"Resiliation\" style=\"box-sizing: border-box; font-family: inherit; font-weight: 500; line-height: 1.1em; color: #b50000; margin: -30px 0px 0px; font-size: 20px; padding: 70px 0px 0px; border: 0px; outline: 0px; vertical-align: top;\">Comment r&eacute;silier un contrat de mutuelle sant&eacute;&nbsp;?</h2>\r\n<ul style=\"box-sizing: border-box; margin: 0px; padding: 0px; border: 0px; outline: 0px; vertical-align: top; list-style: none;\">\r\n<li style=\"box-sizing: border-box; margin: 0px; padding: 0px; border: 0px; outline: 0px; vertical-align: top;\">\r\n<h3 style=\"box-sizing: border-box; font-family: inherit; line-height: 1.1; color: #138caa; margin: 15px 0px; font-size: 18px; padding: 0px; border: 0px; outline: 0px; vertical-align: top;\">R&eacute;siliation d\'une mutuelle sant&eacute; individuelle</h3>\r\n<p class=\"small\" style=\"box-sizing: border-box; margin: 0px; padding: 0px; border: 0px; outline: 0px; vertical-align: top;\">Aujourd\'hui, si vous souhaitez r&eacute;silier votre assurance sant&eacute; vous devez respecter quelques imp&eacute;ratifs. Dans le cas&nbsp;<strong style=\"box-sizing: border-box;\">d\'une mutuelle individuelle</strong>, la r&eacute;siliation doit se faire &agrave; la date d\'&eacute;ch&eacute;ance. Il faut alors respecter le d&eacute;lai de r&eacute;siliation sans quoi le contrat sera automatiquement reconduit pour une ann&eacute;e suppl&eacute;mentaire. Aujourd\'hui,&nbsp;<strong style=\"box-sizing: border-box;\">la loi Chatel</strong>&nbsp;oblige les assureurs &agrave; vous rappeler votre droit &agrave; r&eacute;silier une mutuelle sant&eacute;.</p>\r\n</li>\r\n<li style=\"box-sizing: border-box; margin: 0px; padding: 0px; border: 0px; outline: 0px; vertical-align: top;\">\r\n<h3 style=\"box-sizing: border-box; font-family: inherit; line-height: 1.1; color: #138caa; margin: 15px 0px; font-size: 18px; padding: 0px; border: 0px; outline: 0px; vertical-align: top;\">R&eacute;siliation d\'une mutuelle sant&eacute; collective</h3>\r\n<p class=\"small\" style=\"box-sizing: border-box; margin: 0px; padding: 0px; border: 0px; outline: 0px; vertical-align: top;\">Vous ne pouvez pas r&eacute;silier une mutuelle sant&eacute; collective sauf dans les cas d\'un licenciement, d\'une d&eacute;mission ou encore de la fin d\'un contrat de travail.</p>\r\n</li>\r\n<li style=\"box-sizing: border-box; margin: 0px; padding: 0px; border: 0px; outline: 0px; vertical-align: top;\">\r\n<h3 style=\"box-sizing: border-box; font-family: inherit; line-height: 1.1; color: #138caa; margin: 15px 0px; font-size: 18px; padding: 0px; border: 0px; outline: 0px; vertical-align: top;\">R&eacute;siliation d\'une mutuelle &agrave; tout moment</h3>\r\n<p class=\"small\" style=\"box-sizing: border-box; margin: 0px; padding: 0px; border: 0px; outline: 0px; vertical-align: top;\">D\'ici au 1er d&eacute;cembre 2020, sous l\'impulsion du gouvernement d\'Edouard Philippe, vous aurez la possibilit&eacute;&nbsp;<strong style=\"box-sizing: border-box;\">de r&eacute;silier &agrave; tout moment votre mutuelle sant&eacute;</strong>. Comme pour les contrats auto et habitation via la loi Hamon, vous n\'aurez plus &agrave; tenir compte de la date d\'&eacute;ch&eacute;ance annuelle de votre contrat. Une mesure qui permettra aux Fran&ccedil;ais de changer plus facilement au bout d\'un an d\'assurance, de comparer les prix et donc de&nbsp;<strong style=\"box-sizing: border-box;\">faire des &eacute;conomies</strong>.</p>\r\n<br style=\"box-sizing: border-box;\" />\r\n<p class=\"small\" style=\"box-sizing: border-box; margin: 0px; padding: 0px; border: 0px; outline: 0px; vertical-align: top;\">Les retrait&eacute;s pourraient &ecirc;tre les grands gagnants de cette r&eacute;siliation &agrave; tout moment des mutuelles sant&eacute;. &Agrave; l\'inverse, des actifs qui peuvent souscrire &agrave; des assurances sant&eacute; collectives, les retrait&eacute;s n\'y ont plus acc&egrave;s. Ils doivent donc se tourner vers des mutuelles sant&eacute; individuelles qui ont souvent des cotisations plus ch&egrave;res. En effet, les assurances prennent en compte l\'&eacute;tat de sant&eacute; de l\'assur&eacute; qui peut se d&eacute;grader dans le temps.</p>\r\n</li>\r\n<li style=\"box-sizing: border-box; margin: 0px; padding: 0px; border: 0px; outline: 0px; vertical-align: top;\">\r\n<h3 style=\"box-sizing: border-box; font-family: inherit; line-height: 1.1; color: #138caa; margin: 15px 0px; font-size: 18px; padding: 0px; border: 0px; outline: 0px; vertical-align: top;\">Qu\'est-ce que la portabilit&eacute; d\'une mutuelle sant&eacute;&nbsp;?</h3>\r\n<p class=\"small\" style=\"box-sizing: border-box; margin: 0px; padding: 0px; border: 0px; outline: 0px; vertical-align: top;\">Un salari&eacute; peut b&eacute;n&eacute;ficier de&nbsp;<strong style=\"box-sizing: border-box;\">la portabilit&eacute; de sa mutuelle sant&eacute;</strong>. En clair, il peut continuer &agrave; &ecirc;tre couvert par son assurance m&ecirc;me s\'il ne travaille plus dans sa soci&eacute;t&eacute;. Pour obtenir cette portabilit&eacute;, il faut&nbsp;:</p>\r\n<ul class=\"small\" style=\"box-sizing: border-box; margin: 0px; padding: 0px; border: 0px; outline: 0px; vertical-align: top; list-style: none;\">\r\n<li style=\"box-sizing: border-box; margin: 0px; padding: 0px; border: 0px; outline: 0px; vertical-align: top;\">- Avoir fait l\'objet d\'une rupture du contrat de travail pour un motif qui est autre que la faute lourde.</li>\r\n<li style=\"box-sizing: border-box; margin: 0px; padding: 0px; border: 0px; outline: 0px; vertical-align: top;\">- La fin du contrat de travail doit ouvrir une prise en charge par l\'Assurance ch&ocirc;mage.</li>\r\n<li style=\"box-sizing: border-box; margin: 0px; padding: 0px; border: 0px; outline: 0px; vertical-align: top;\">- L\'ancien salari&eacute; doit avoir adh&eacute;r&eacute; &agrave; la compl&eacute;mentaire sant&eacute; de son ancienne entreprise.</li>\r\n</ul>\r\n<p style=\"box-sizing: border-box; margin: 0px; padding: 0px; border: 0px; outline: 0px; vertical-align: top;\">&nbsp;</p>\r\n<br style=\"box-sizing: border-box;\" />\r\n<p class=\"small\" style=\"box-sizing: border-box; margin: 0px; padding: 0px; border: 0px; outline: 0px; vertical-align: top;\">&Agrave; noter que&nbsp;<strong style=\"box-sizing: border-box;\">la dur&eacute;e du maintien des droits</strong>&nbsp;ne peut pas exc&eacute;der une ann&eacute;e. Par exemple, dans le cas d\'un contrat de six mois, vous pourrez continuer &agrave; profiter de la mutuelle sant&eacute; collective pour une p&eacute;riode de six mois.</p>\r\n<br style=\"box-sizing: border-box;\" />\r\n<p class=\"small\" style=\"box-sizing: border-box; margin: 0px; padding: 0px; border: 0px; outline: 0px; vertical-align: top;\">Evidemment, si durant ce laps de temps, vous retrouvez un emploi, la portabilit&eacute; du contrat sant&eacute; s\'arr&ecirc;tera. Vous serez invit&eacute; &agrave; souscrire un nouveau contrat de mutuelle sant&eacute; collective.</p>\r\n</li>\r\n<li style=\"box-sizing: border-box; margin: 0px; padding: 0px; border: 0px; outline: 0px; vertical-align: top;\">\r\n<p>&nbsp;</p>\r\n</li>\r\n</ul>\r\n</section>\r\n<ul style=\"box-sizing: border-box; margin: 0px; padding: 0px; border: 0px; outline: 0px; vertical-align: top; list-style: none;\">\r\n<li style=\"box-sizing: border-box; margin: 0px; padding: 0px; border: 0px; outline: 0px; vertical-align: top;\">\r\n<p>&nbsp;</p>\r\n</li>\r\n</ul>\r\n</section>', 'assurance-sante', 'Une assurance santé a pour but de prendre en charge l\'intégralité ou une partie de vos dépenses de santé qui ne sont pas couvertes par le régime obligatoire. Elle ne s\'applique qu\'aux frais de soins de santé (consultation chez un médecin, dépenses d\'hospitalisation, frais d\'optique et dentaire ...). Cette assurance est à distinguer des indemnités journalières (versées par la caisse primaire d\'assurance maladie et un complément des IJ est possible sous conditions dans le cadre de la souscription d\'un contrat prévoyance) et des rentes d\'invalidité qui sont du ressort d\'un contrat d\'assurance de type prévoyance. Souscrire une assurance santé permet donc d\'être mieux remboursé(e) de ses dépenses de santé.', 'particuliers/October2020/09rrk2pOMVYVYf6WOZdj.jpg', 'heartbeat');
INSERT INTO `particuliers` (`id`, `created_at`, `updated_at`, `deleted_at`, `titre`, `description`, `slug`, `resume`, `image`, `icone`) VALUES
(3, '2020-10-13 16:58:00', '2020-10-16 16:32:35', '2020-10-13 16:54:00', 'Assurance Habitation', '<p class=\"small\" style=\"box-sizing: border-box; margin: 0px 0px 20px; padding: 0px; border: 0px; outline: 0px; font-size: 16px; vertical-align: top; color: #333333; font-family: \'Open Sans\', sans-serif;\">Pour choisir une bonne assurance multirisques habitation (MRH) adapt&eacute;e &agrave; vos besoins ainsi qu&rsquo;&agrave; votre profil, Amassur.com compare pour vous diff&eacute;rents devis d&rsquo;assurance afin d&rsquo;&ecirc;tre couvert en cas de sinistre. Avec la comparaison d&rsquo;assurance habitation, r&eacute;alisez des &eacute;conomies en quelques clics.</p>\r\n<ul style=\"box-sizing: border-box; margin: 0px; padding: 0px; border: 0px; outline: 0px; font-size: 16px; vertical-align: top; list-style: none; color: #333333; font-family: \'Open Sans\', sans-serif;\">\r\n<li style=\"box-sizing: border-box; margin: 0px; padding: 0px; border: 0px; outline: 0px; vertical-align: top;\">\r\n<h3 style=\"box-sizing: border-box; font-family: inherit; line-height: 1.1; color: #138caa; margin: 15px 0px; font-size: 18px; padding: 0px; border: 0px; outline: 0px; vertical-align: top;\">Qui est Amassur, le comparateur d&rsquo;assurances habitation ?</h3>\r\n<p class=\"small\" style=\"box-sizing: border-box; margin: 0px; padding: 0px; border: 0px; outline: 0px; vertical-align: top;\">Site de comparaison d\'assurances le plus fr&eacute;quent&eacute; en France, Assurland.com re&ccedil;oit plus de 4 millions de visiteurs par mois. En interrogeant son panel d&rsquo;offres d&rsquo;<strong style=\"box-sizing: border-box;\">assurance logement</strong>, il vous permet d&rsquo;obtenir, en quelques minutes seulement, les tarifs des plus grandes marques fran&ccedil;aises correspondant &agrave; votre profil. Pour cela, il vous suffit de remplir notre formulaire ci-dessus. Vous pourrez ainsi recevoir des informations par courrier et par e-mail, ou souscrire directement en ligne, par t&eacute;l&eacute;phone ou en agence aupr&egrave;s de la compagnie d\'assurance qui vous convient le mieux.</p>\r\n</li>\r\n<li style=\"box-sizing: border-box; margin: 0px; padding: 0px; border: 0px; outline: 0px; vertical-align: top;\">\r\n<h3 style=\"box-sizing: border-box; font-family: inherit; line-height: 1.1; color: #138caa; margin: 15px 0px; font-size: 18px; padding: 0px; border: 0px; outline: 0px; vertical-align: top;\">Pourquoi comparer les offres d&rsquo;assurances habitation en ligne ?</h3>\r\n<p class=\"small\" style=\"box-sizing: border-box; margin: 0px; padding: 0px; border: 0px; outline: 0px; vertical-align: top;\">Comparer en ligne diff&eacute;rentes offres d\'assurance pour votre logement vous permet de payer votre assurance habitation moins ch&egrave;re. C\'est aussi un moyen de gagner du temps. En effet, gr&acirc;ce &agrave; un seul et m&ecirc;me site, vous avez la possibilit&eacute; d&rsquo;avoir une vision globale des diff&eacute;rentes offres du march&eacute;. Plus besoin de naviguer de site en site, toutes les informations sont regroup&eacute;es sur&nbsp;<strong style=\"box-sizing: border-box;\">Amassur.com</strong>. Vous obtenez les diff&eacute;rents tarifs propos&eacute;s pour assurer une maison, ou un appartement, et vous n\'avez plus qu\'&agrave; s&eacute;lectionner celui qui correspond le mieux &agrave; vos besoins et &agrave; votre budget.</p>\r\n</li>\r\n</ul>\r\n<section style=\"box-sizing: border-box; color: #333333; font-family: \'Open Sans\', sans-serif; font-size: 16px;\">\r\n<ul style=\"box-sizing: border-box; margin: 0px; padding: 0px; border: 0px; outline: 0px; vertical-align: top; list-style: none;\">\r\n<li style=\"box-sizing: border-box; margin: 0px; padding: 0px; border: 0px; outline: 0px; vertical-align: top;\">\r\n<h3 style=\"box-sizing: border-box; font-family: inherit; line-height: 1.1; color: #138caa; margin: 15px 0px; font-size: 18px; padding: 0px; border: 0px; outline: 0px; vertical-align: top;\">Comment Amassur.com m\'aide &agrave; comparer les assurances maison ?</h3>\r\n<p class=\"small\" style=\"box-sizing: border-box; margin: 0px; padding: 0px; border: 0px; outline: 0px; vertical-align: top;\">Gr&acirc;ce au comparateur d\'assurances Amassur.com, il est possible d\'effectuer gratuitement et sans engagement un comparatif des tarifs et garanties d\'assurance propos&eacute;s par de nombreux acteurs fran&ccedil;ais de l\'assurance MRH comme la MAAF, MMA, MAE, GMF. Si vous pensez avoir trouv&eacute; la meilleure formule pour vos besoins et votre budget, obtenez directement votre devis d\'assurance habitation et r&eacute;alisez des &eacute;conomies.</p>\r\n<br style=\"box-sizing: border-box;\" />\r\n<p class=\"small\" style=\"box-sizing: border-box; margin: 0px; padding: 0px; border: 0px; outline: 0px; vertical-align: top;\">Il vous faudra moins de 5 minutes pour remplir notre questionnaire et acc&eacute;der au comparatif des offres d\'assurance habitation. Et, pour obtenir une prime d\'assurance correspondant &agrave; votre profil, nous vous conseillons vivement de veiller &agrave; l\'exactitude des informations renseign&eacute;es. Pour ce faire, vous aurez besoin de conna&icirc;tre :</p>\r\n<br style=\"box-sizing: border-box;\" />\r\n<ul class=\"small\" style=\"box-sizing: border-box; margin: 0px; padding: 0px; border: 0px; outline: 0px; vertical-align: top; list-style: none;\">\r\n<li style=\"box-sizing: border-box; margin: 0px; padding: 0px; border: 0px; outline: 0px; vertical-align: top;\">- La&nbsp;<strong style=\"box-sizing: border-box;\">date de prise d&rsquo;effet</strong>&nbsp;ou le&nbsp;<strong style=\"box-sizing: border-box;\">mois d\'&eacute;ch&eacute;ance de l\'assurance habitation actuelle</strong>&nbsp;si vous poss&eacute;dez d&eacute;j&agrave; une telle assurance (en cas de doute, vous trouverez cette date sur votre contrat d\'assurance en cours) ;</li>\r\n<li style=\"box-sizing: border-box; margin: 0px; padding: 0px; border: 0px; outline: 0px; vertical-align: top;\">- la&nbsp;<strong style=\"box-sizing: border-box;\">surface du logement</strong>&nbsp;que vous souhaitez assurer (si vous l\'ignorez, cette information figure sur l\'acte de vente de votre logement ou sur le bail) ;</li>\r\n<li style=\"box-sizing: border-box; margin: 0px; padding: 0px; border: 0px; outline: 0px; vertical-align: top;\">- la&nbsp;<strong style=\"box-sizing: border-box;\">surface des d&eacute;pendances</strong>&nbsp;et loggia le cas &eacute;ch&eacute;ant (en cas de doute, reportez-vous &agrave; votre bail ou &agrave; l\'acte de vente du logement) ;</li>\r\n<li style=\"box-sizing: border-box; margin: 0px; padding: 0px; border: 0px; outline: 0px; vertical-align: top;\">- une&nbsp;<strong style=\"box-sizing: border-box;\">estimation de la valeur du mobilier</strong>&nbsp;;</li>\r\n<li style=\"box-sizing: border-box; margin: 0px; padding: 0px; border: 0px; outline: 0px; vertical-align: top;\">- et le&nbsp;<strong style=\"box-sizing: border-box;\">nombre de pi&egrave;ce &agrave; usage d&rsquo;habitation</strong>&nbsp;(on ne compte pas la cuisine, la buanderie, les salles d&rsquo;eau, les couloirs, les greniers non am&eacute;nag&eacute;s, les caves, etc).</li>\r\n</ul>\r\n</li>\r\n<li style=\"box-sizing: border-box; margin: 0px; padding: 0px; border: 0px; outline: 0px; vertical-align: top;\">\r\n<h3 style=\"box-sizing: border-box; font-family: inherit; line-height: 1.1; color: #138caa; margin: 15px 0px; font-size: 18px; padding: 0px; border: 0px; outline: 0px; vertical-align: top;\">Comment est calcul&eacute; le prix d&rsquo;une assurance maison ou appartement ?</h3>\r\n<p class=\"small\" style=\"box-sizing: border-box; margin: 0px; padding: 0px; border: 0px; outline: 0px; vertical-align: top;\">Les prix affich&eacute;s sur Assurland.com, lors de la r&eacute;alisation d\'un devis habitation, varient selon diff&eacute;rents crit&egrave;res utilis&eacute;s par les compagnies d\'assurance pour calculer le montant des primes. Ces principaux crit&egrave;res qui entrent en compte lorsque l\'on souhaite assurer un logement sont :</p>\r\n<br style=\"box-sizing: border-box;\" />\r\n<ul class=\"small\" style=\"box-sizing: border-box; margin: 0px; padding: 0px; border: 0px; outline: 0px; vertical-align: top; list-style: none;\">\r\n<li style=\"box-sizing: border-box; margin: 0px; padding: 0px; border: 0px; outline: 0px; vertical-align: top;\">- les&nbsp;<strong style=\"box-sizing: border-box;\">caract&eacute;ristiques du logement</strong>&nbsp;: appartement, maison, surface, nombre de pi&egrave;ces, &eacute;tage, pr&eacute;sence d&rsquo;un gardien, par exemple ;</li>\r\n<li style=\"box-sizing: border-box; margin: 0px; padding: 0px; border: 0px; outline: 0px; vertical-align: top;\">- la&nbsp;<strong style=\"box-sizing: border-box;\">valeur des biens</strong>&nbsp;&agrave; assurer qui se trouvent &agrave; l&rsquo;int&eacute;rieur ;</li>\r\n<li style=\"box-sizing: border-box; margin: 0px; padding: 0px; border: 0px; outline: 0px; vertical-align: top;\">- le&nbsp;<strong style=\"box-sizing: border-box;\">profil</strong>&nbsp;et la&nbsp;<strong style=\"box-sizing: border-box;\">situation de l&rsquo;assur&eacute;</strong>&nbsp;: mari&eacute;, avec ou sans enfants, lieu de r&eacute;sidence, locataire, propri&eacute;taire, propri&eacute;taire non occupant, etc ;</li>\r\n<li style=\"box-sizing: border-box; margin: 0px; padding: 0px; border: 0px; outline: 0px; vertical-align: top;\">- et le&nbsp;<strong style=\"box-sizing: border-box;\">mode d&rsquo;indemnisation souhait&eacute;</strong>&nbsp;: indemnisation &agrave; neuf, indemnisation v&eacute;tust&eacute; d&eacute;duite.</li>\r\n</ul>\r\n</li>\r\n<li style=\"box-sizing: border-box; margin: 0px; padding: 0px; border: 0px; outline: 0px; vertical-align: top;\">\r\n<h3 style=\"box-sizing: border-box; font-family: inherit; line-height: 1.1; color: #138caa; margin: 15px 0px; font-size: 18px; padding: 0px; border: 0px; outline: 0px; vertical-align: top;\">Assurance habitation pas ch&egrave;re : comment trouver le prix le plus bas ?</h3>\r\n<p class=\"small\" style=\"box-sizing: border-box; margin: 0px; padding: 0px; border: 0px; outline: 0px; vertical-align: top;\">Avec Assurland.com, vous avez la possibilit&eacute; d&rsquo;<strong style=\"box-sizing: border-box;\">effectuer gratuitement une comparaison des tarifs</strong>&nbsp;des diff&eacute;rents assureurs. Si l\'une des offres propos&eacute;es par notre site web vous int&eacute;resse, vous pouvez obtenir gratuitement un devis d\'assurance habitation en ligne. Vous pourrez ainsi faire des &eacute;conomies et payer moins cher votre contrat multirisques habitation (MRH). Pour cela, remplissez le questionnaire en ligne. Cela ne vous prendra pas plus de 5 minutes ! Les propositions pr&eacute;sent&eacute;es correspondront au mieux &agrave; votre profil, sous r&eacute;serve de l\'exactitude de vos d&eacute;clarations. Choisissez de recevoir autant de devis que vous le souhaitez pour faire le meilleur choix possible.</p>\r\n</li>\r\n</ul>\r\n</section>\r\n<section style=\"box-sizing: border-box; color: #333333; font-family: \'Open Sans\', sans-serif; font-size: 16px;\">\r\n<h2 id=\"Fonctionnement\" style=\"box-sizing: border-box; font-family: inherit; font-weight: 500; line-height: 1.1em; color: #b50000; margin: -30px 0px 0px; font-size: 20px; padding: 70px 0px 0px; border: 0px; outline: 0px; vertical-align: top;\">Tout savoir au sujet de l&rsquo;assurance habitation</h2>\r\n<ul style=\"box-sizing: border-box; margin: 0px; padding: 0px; border: 0px; outline: 0px; vertical-align: top; list-style: none;\">\r\n<li style=\"box-sizing: border-box; margin: 0px; padding: 0px; border: 0px; outline: 0px; vertical-align: top;\">\r\n<h3 style=\"box-sizing: border-box; font-family: inherit; line-height: 1.1; color: #138caa; margin: 15px 0px; font-size: 18px; padding: 0px; border: 0px; outline: 0px; vertical-align: top;\">Comment souscrire une assurance habitation ?</h3>\r\n<p class=\"small\" style=\"box-sizing: border-box; margin: 0px; padding: 0px; border: 0px; outline: 0px; vertical-align: top;\">Pour souscrire un contrat d&rsquo;<strong style=\"box-sizing: border-box;\">assurance maison</strong>&nbsp;ou d&rsquo;<strong style=\"box-sizing: border-box;\">assurance appartement</strong>, c&rsquo;est tr&egrave;s simple. Remplissez le formulaire ci-dessus, s&eacute;lectionnez l&rsquo;offre qui vous correspond et souscrivez en ligne aupr&egrave;s de notre partenaire.</p>\r\n</li>\r\n<li style=\"box-sizing: border-box; margin: 0px; padding: 0px; border: 0px; outline: 0px; vertical-align: top;\">\r\n<h3 style=\"box-sizing: border-box; font-family: inherit; line-height: 1.1; color: #138caa; margin: 15px 0px; font-size: 18px; padding: 0px; border: 0px; outline: 0px; vertical-align: top;\">Quels documents pour souscrire une assurance logement ?</h3>\r\n<p class=\"small\" style=\"box-sizing: border-box; margin: 0px; padding: 0px; border: 0px; outline: 0px; vertical-align: top;\">Pour souscrire une assurance habitation, vous aurez besoin des documents suivants :</p>\r\n<br style=\"box-sizing: border-box;\" />\r\n<p class=\"small\" style=\"box-sizing: border-box; margin: 0px; padding: 0px; border: 0px; outline: 0px; vertical-align: top;\"><strong style=\"box-sizing: border-box;\">Pour les propri&eacute;taires</strong></p>\r\n<ul class=\"small\" style=\"box-sizing: border-box; margin: 0px; padding: 0px; border: 0px; outline: 0px; vertical-align: top; list-style: none;\">\r\n<li style=\"box-sizing: border-box; margin: 0px; padding: 0px; border: 0px; outline: 0px; vertical-align: top;\">- une copie recto/verso de votre pi&egrave;ce d&rsquo;identit&eacute; ;</li>\r\n<li style=\"box-sizing: border-box; margin: 0px; padding: 0px; border: 0px; outline: 0px; vertical-align: top;\">- et un RIB.</li>\r\n</ul>\r\n<p style=\"box-sizing: border-box; margin: 0px; padding: 0px; border: 0px; outline: 0px; vertical-align: top;\">&nbsp;</p>\r\n<br style=\"box-sizing: border-box;\" />\r\n<p class=\"small\" style=\"box-sizing: border-box; margin: 0px; padding: 0px; border: 0px; outline: 0px; vertical-align: top;\"><strong style=\"box-sizing: border-box;\">Pour les locataires</strong></p>\r\n<ul class=\"small\" style=\"box-sizing: border-box; margin: 0px; padding: 0px; border: 0px; outline: 0px; vertical-align: top; list-style: none;\">\r\n<li style=\"box-sizing: border-box; margin: 0px; padding: 0px; border: 0px; outline: 0px; vertical-align: top;\">- une copie recto/verso de votre pi&egrave;ce d&rsquo;identit&eacute; ;</li>\r\n<li style=\"box-sizing: border-box; margin: 0px; padding: 0px; border: 0px; outline: 0px; vertical-align: top;\">- un RIB.</li>\r\n<li style=\"box-sizing: border-box; margin: 0px; padding: 0px; border: 0px; outline: 0px; vertical-align: top;\">- une copie du contrat de bail ;</li>\r\n<li style=\"box-sizing: border-box; margin: 0px; padding: 0px; border: 0px; outline: 0px; vertical-align: top;\">- et parfois d&rsquo;un justificatif pr&eacute;cisant vos revenus sur les 6 derniers mois ou un avis d&rsquo;imposition.</li>\r\n</ul>\r\n<p style=\"box-sizing: border-box; margin: 0px; padding: 0px; border: 0px; outline: 0px; vertical-align: top;\">&nbsp;</p>\r\n</li>\r\n<li style=\"box-sizing: border-box; margin: 0px; padding: 0px; border: 0px; outline: 0px; vertical-align: top;\">\r\n<h3 style=\"box-sizing: border-box; font-family: inherit; line-height: 1.1; color: #138caa; margin: 15px 0px; font-size: 18px; padding: 0px; border: 0px; outline: 0px; vertical-align: top;\">Comment r&eacute;silier une assurance habitation ?</h3>\r\n<p class=\"small\" style=\"box-sizing: border-box; margin: 0px; padding: 0px; border: 0px; outline: 0px; vertical-align: top;\">L&rsquo;assur&eacute; a la possibilit&eacute; de r&eacute;silier son contrat &agrave; tacite reconduction en adressant une lettre recommand&eacute;e papier ou &eacute;lectronique 2 mois avant la date d&rsquo;&eacute;ch&eacute;ance. Avec la&nbsp;<strong style=\"box-sizing: border-box;\">loi Ch&acirc;tel</strong>, l&rsquo;assureur doit rappeler &agrave; l&rsquo;assur&eacute; cette facult&eacute; de r&eacute;siliation lors de l&rsquo;envoi de l&rsquo;avis d&rsquo;&eacute;ch&eacute;ance, ou autre document, en adressant un courrier, ou courrier &eacute;lectronique, au moins 15 jours avant le d&eacute;but la date limite de r&eacute;siliation. Si l&rsquo;assureur n&rsquo;a pas respect&eacute; ce d&eacute;lai et le fait en retard, mais avant la date d&rsquo;&eacute;ch&eacute;ance, l&rsquo;assur&eacute; dispose de 20 jours pour r&eacute;silier. Si cet envoi se fait apr&egrave;s la date d&rsquo;&eacute;ch&eacute;ance ou n&rsquo;a pas &eacute;t&eacute; effectu&eacute;, l&rsquo;assur&eacute; peut alors r&eacute;silier &agrave; tout moment.</p>\r\n<br style=\"box-sizing: border-box;\" />\r\n<p class=\"small\" style=\"box-sizing: border-box; margin: 0px; padding: 0px; border: 0px; outline: 0px; vertical-align: top;\">Depuis le 1er janvier 2015, la&nbsp;<strong style=\"box-sizing: border-box;\">loi Hamon</strong>&nbsp;permet &agrave; l\'assur&eacute; de r&eacute;silier son assurance obligatoire logement &agrave; tout moment, apr&egrave;s un an d\'engagement minimum. Et, pour changer d\'assurance habitation, c\'est un vrai jeu d\'enfant ! Il suffit en effet de souscrire directement l\'assurance aupr&egrave;s du nouvel assureur qui se chargera des d&eacute;marches relatives &agrave; la r&eacute;siliation. La r&eacute;siliation intervient dans un d&eacute;lai d\'un mois &agrave; compter de la notification. Le nouvel assureur veillera &eacute;galement &agrave; la continuit&eacute; de la couverture de l\'assur&eacute; entre les deux contrats d\'assurance MRH.</p>\r\n<br style=\"box-sizing: border-box;\" />\r\n<p class=\"small\" style=\"box-sizing: border-box; margin: 0px; padding: 0px; border: 0px; outline: 0px; vertical-align: top;\">Il est possible &eacute;galement de r&eacute;silier son contrat d&rsquo;assurance lorsque certains changements (domicile, situation matrimoniale, profession, d&eacute;part &agrave; la retraite ou cessation d&eacute;finitive d&rsquo;activit&eacute;) ont un impact sur votre risque. Enfin, lorsque votre assureur vous r&eacute;silie pour un autre contrat, il est &eacute;galement possible de r&eacute;silier l&rsquo;ensemble de vos contrats souscrits aupr&egrave;s de ce m&ecirc;me assureur.</p>\r\n</li>\r\n<li style=\"box-sizing: border-box; margin: 0px; padding: 0px; border: 0px; outline: 0px; vertical-align: top;\">\r\n<h3 style=\"box-sizing: border-box; font-family: inherit; line-height: 1.1; color: #138caa; margin: 15px 0px; font-size: 18px; padding: 0px; border: 0px; outline: 0px; vertical-align: top;\">Assurer son logement : quel est le prix moyen ?</h3>\r\n<p class=\"small\" style=\"box-sizing: border-box; margin: 0px; padding: 0px; border: 0px; outline: 0px; vertical-align: top;\">Sur Assurland.com, vous pouvez observer les prix d&rsquo;assurance habitation selon le type de votre logement, de sa taille, de sa localisation, ou encore du montant des biens &agrave; assurer &agrave; l&rsquo;int&eacute;rieur. En France, le prix moyen d&rsquo;une assurance habitation est d&rsquo;environ&nbsp;<strong style=\"box-sizing: border-box;\">152 &euro; pour un appartement</strong>, et d&rsquo;environ&nbsp;<strong style=\"box-sizing: border-box;\">235 &euro; pour une maison</strong>.</p>\r\n</li>\r\n<li style=\"box-sizing: border-box; margin: 0px; padding: 0px; border: 0px; outline: 0px; vertical-align: top;\">\r\n<h3 style=\"box-sizing: border-box; font-family: inherit; line-height: 1.1; color: #138caa; margin: 15px 0px; font-size: 18px; padding: 0px; border: 0px; outline: 0px; vertical-align: top;\">Assurance multirisques habitation : qu&rsquo;est-ce que c&rsquo;est ? Quelles sont les garanties en assurance habitation ?</h3>\r\n<p class=\"small\" style=\"box-sizing: border-box; margin: 0px; padding: 0px; border: 0px; outline: 0px; vertical-align: top;\">Une assurance habitation&nbsp;<strong style=\"box-sizing: border-box;\">couvre votre logement et tous vos biens</strong>. Elle comprend obligatoirement une garantie Responsabilit&eacute; Civile qui couvre les dommages caus&eacute;s &agrave; des tiers. Cette derni&egrave;re est appel&eacute;e aussi garantie risques locatifs lorsqu&rsquo;il s&rsquo;agit d&rsquo;une assurance pour locataire.</p>\r\n<br style=\"box-sizing: border-box;\" />\r\n<p class=\"small\" style=\"box-sizing: border-box; margin: 0px; padding: 0px; border: 0px; outline: 0px; vertical-align: top;\">La formule d\'assurance multirisques habitation, aussi appel&eacute;e MRH, est la formule la plus couvrante et reprenant les garanties de base pr&eacute;sentes dans les autres contrats. On y retrouve donc :</p>\r\n<br style=\"box-sizing: border-box;\" />\r\n<ul class=\"small\" style=\"box-sizing: border-box; margin: 0px; padding: 0px; border: 0px; outline: 0px; vertical-align: top; list-style: none;\">\r\n<li style=\"box-sizing: border-box; margin: 0px; padding: 0px; border: 0px; outline: 0px; vertical-align: top;\">- la&nbsp;<strong style=\"box-sizing: border-box;\">garantie vol</strong>&nbsp;;</li>\r\n<li style=\"box-sizing: border-box; margin: 0px; padding: 0px; border: 0px; outline: 0px; vertical-align: top;\">- la&nbsp;<strong style=\"box-sizing: border-box;\">garantie incendie</strong>&nbsp;;</li>\r\n<li style=\"box-sizing: border-box; margin: 0px; padding: 0px; border: 0px; outline: 0px; vertical-align: top;\">- la&nbsp;<strong style=\"box-sizing: border-box;\">garantie bris de glace</strong>&nbsp;;</li>\r\n<li style=\"box-sizing: border-box; margin: 0px; padding: 0px; border: 0px; outline: 0px; vertical-align: top;\">- la&nbsp;<strong style=\"box-sizing: border-box;\">garantie d&eacute;g&acirc;t des eaux</strong>&nbsp;;</li>\r\n<li style=\"box-sizing: border-box; margin: 0px; padding: 0px; border: 0px; outline: 0px; vertical-align: top;\">- la&nbsp;<strong style=\"box-sizing: border-box;\">garantie catastrophes naturelles</strong>&nbsp;;</li>\r\n<li style=\"box-sizing: border-box; margin: 0px; padding: 0px; border: 0px; outline: 0px; vertical-align: top;\">- la&nbsp;<strong style=\"box-sizing: border-box;\">garantie temp&ecirc;te ou &eacute;v&eacute;nements naturels</strong>&nbsp;;</li>\r\n<li style=\"box-sizing: border-box; margin: 0px; padding: 0px; border: 0px; outline: 0px; vertical-align: top;\">- et la&nbsp;<strong style=\"box-sizing: border-box;\">garantie attentat et actes de terrorisme</strong></li>\r\n</ul>\r\n<br style=\"box-sizing: border-box;\" />\r\n<p class=\"small\" style=\"box-sizing: border-box; margin: 0px; padding: 0px; border: 0px; outline: 0px; vertical-align: top;\">En plus de ce type de garantie, il est possible de souscrire des garanties optionnelles et compl&eacute;mentaires (garantie dommage &eacute;lectrique, am&eacute;nagement ext&eacute;rieur, etc.) pour obtenir une meilleure indemnisation en cas de sinistre.</p>\r\n</li>\r\n<li style=\"box-sizing: border-box; margin: 0px; padding: 0px; border: 0px; outline: 0px; vertical-align: top;\">\r\n<h3 style=\"box-sizing: border-box; font-family: inherit; line-height: 1.1; color: #138caa; margin: 15px 0px; font-size: 18px; padding: 0px; border: 0px; outline: 0px; vertical-align: top;\">Que couvre l&rsquo;assurance responsabilit&eacute; civile ?</h3>\r\n<p class=\"small\" style=\"box-sizing: border-box; margin: 0px; padding: 0px; border: 0px; outline: 0px; vertical-align: top;\">Une assurance responsabilit&eacute; civile prend en charge les&nbsp;<strong style=\"box-sizing: border-box;\">dommages mat&eacute;riels et corporels</strong>&nbsp;que vous pourriez causer &agrave; une tierce personne (qui n\'habite pas avec vous). Elle prend effet aussi bien chez vous, qu&rsquo;&agrave; l\'ext&eacute;rieur. Par exemple, si vous veniez &agrave; renverser un pi&eacute;ton &agrave; v&eacute;lo, c&rsquo;est votre responsabilit&eacute; civile qui prendra en charge les soins dont il pourrait avoir besoin suite &agrave; l\'accident.</p>\r\n</li>\r\n<li style=\"box-sizing: border-box; margin: 0px; padding: 0px; border: 0px; outline: 0px; vertical-align: top;\">\r\n<h3 style=\"box-sizing: border-box; font-family: inherit; line-height: 1.1; color: #138caa; margin: 15px 0px; font-size: 18px; padding: 0px; border: 0px; outline: 0px; vertical-align: top;\">L&rsquo;assurance habitation est-elle obligatoire ?</h3>\r\n<p class=\"small\" style=\"box-sizing: border-box; margin: 0px; padding: 0px; border: 0px; outline: 0px; vertical-align: top;\">Quel que soit votre profil, &eacute;tudiant, salari&eacute;, retrait&eacute;, en tant que&nbsp;<strong style=\"box-sizing: border-box;\">locataire</strong>, vous avez l\'<strong style=\"box-sizing: border-box;\">obligation de souscrire une assurance multirisques habitation</strong>. Pendant toute la dur&eacute;e de la location, vous serez tenu responsable des d&eacute;g&acirc;ts que vous &ecirc;tes susceptible de causer. L\'assurance ne pr&eacute;sente aucun caract&egrave;re obligatoire si vous &ecirc;tes locataire d\'un logement de fonction ou d\'une location saisonni&egrave;re. Toutefois, sachez qu\'en cas de sinistre, vous serez tout de m&ecirc;me tenu responsable des dommages caus&eacute;s au logement.</p>\r\n<br style=\"box-sizing: border-box;\" />\r\n<p class=\"small\" style=\"box-sizing: border-box; margin: 0px; padding: 0px; border: 0px; outline: 0px; vertical-align: top;\">Si vous &ecirc;tes&nbsp;<strong style=\"box-sizing: border-box;\">propri&eacute;taire</strong>&nbsp;de votre logement (sauf pour les copropri&eacute;taires), souscrire une assurance maison ou une assurance appartement&nbsp;<strong style=\"box-sizing: border-box;\">n&rsquo;est pas obligatoire</strong>. Elle reste cependant indispensable. En effet, en cas de sinistre (d&eacute;g&acirc;ts des eaux, incendies, etc.) vous devrez assumer seul les frais si vous n&rsquo;&ecirc;tes pas couvert. Depuis la Loi ALUR, l&rsquo;assurance habitation est devenue obligatoire pour les copropri&eacute;taires.</p>\r\n</li>\r\n<li style=\"box-sizing: border-box; margin: 0px; padding: 0px; border: 0px; outline: 0px; vertical-align: top;\">\r\n<h3 style=\"box-sizing: border-box; font-family: inherit; line-height: 1.1; color: #138caa; margin: 15px 0px; font-size: 18px; padding: 0px; border: 0px; outline: 0px; vertical-align: top;\">Quelles cons&eacute;quences en cas de d&eacute;faut d\'assurance logement ?</h3>\r\n<p class=\"small\" style=\"box-sizing: border-box; margin: 0px; padding: 0px; border: 0px; outline: 0px; vertical-align: top;\">Souvent, le bailleur demande au locataire de lui transmettre une attestation d\'assurance au moment de la remise des clefs. Chaque ann&eacute;e, le locataire devra fournir une nouvelle attestation d\'assurance &agrave; son propri&eacute;taire ou &agrave; l\'agence de location.</p>\r\n<br style=\"box-sizing: border-box;\" />\r\n<p class=\"small\" style=\"box-sizing: border-box; margin: 0px; padding: 0px; border: 0px; outline: 0px; vertical-align: top;\">Si vous ne fournissez pas d\'attestation d\'assurance, une mise en demeure peut avoir lieu. Un mois apr&egrave;s la mise en demeure et, en cas de non r&eacute;ception du document, le propri&eacute;taire du logement est alors autoris&eacute; &agrave; souscrire une assurance appartement pour votre compte correspondant &agrave; la responsabilit&eacute; civile. Vous devez alors payer au propri&eacute;taire le montant de la prime d\'assurance, &eacute;ventuellement assortie d\'une majoration dans la limite de 10 %, en suppl&eacute;ment de votre loyer mensuel.</p>\r\n</li>\r\n<li style=\"box-sizing: border-box; margin: 0px; padding: 0px; border: 0px; outline: 0px; vertical-align: top;\">&nbsp;</li>\r\n</ul>\r\n<p><img title=\"assurance maison\" src=\"http://localhost:8000/storage/particuliers/October2020/assurance-habitation.jpg\" alt=\"maison dans les mains d\'un homme\" /></p>\r\n<p><span style=\"color: #b50000; font-family: inherit; font-size: 20px;\">Propri&eacute;taire, locataire : quelles diff&eacute;rences pour assurer son bien ?</span></p>\r\n</section>\r\n<section style=\"box-sizing: border-box; color: #333333; font-family: \'Open Sans\', sans-serif; font-size: 16px;\">\r\n<ul style=\"box-sizing: border-box; margin: 0px; padding: 0px; border: 0px; outline: 0px; vertical-align: top; list-style: none;\">\r\n<li style=\"box-sizing: border-box; margin: 0px; padding: 0px; border: 0px; outline: 0px; vertical-align: top;\">\r\n<h3 style=\"box-sizing: border-box; font-family: inherit; line-height: 1.1; color: #138caa; margin: 15px 0px; font-size: 18px; padding: 0px; border: 0px; outline: 0px; vertical-align: top;\">Assurance locataire</h3>\r\n<p class=\"small\" style=\"box-sizing: border-box; margin: 0px; padding: 0px; border: 0px; outline: 0px; vertical-align: top;\">Lorsque vous &ecirc;tes locataire, il vous est demand&eacute; de&nbsp;<strong style=\"box-sizing: border-box;\">souscrire une assurance habitation</strong>. Si vous ne fournissez pas d\'attestation d\'assurance, une mise en demeure peut avoir lieu. Un mois apr&egrave;s la mise en demeure et, en cas de non-r&eacute;ception du document, le propri&eacute;taire du logement est alors autoris&eacute; &agrave; souscrire une assurance appartement, pour votre compte, correspondant &agrave; la responsabilit&eacute; locative ou pour les risques locatifs. Il vous faudra alors ensuite payer au propri&eacute;taire le montant de la prime d\'assurance, &eacute;ventuellement assortie d\'une majoration dans la limite de 10 %, en suppl&eacute;ment de votre loyer mensuel.</p>\r\n</li>\r\n<li style=\"box-sizing: border-box; margin: 0px; padding: 0px; border: 0px; outline: 0px; vertical-align: top;\">\r\n<h3 style=\"box-sizing: border-box; font-family: inherit; line-height: 1.1; color: #138caa; margin: 15px 0px; font-size: 18px; padding: 0px; border: 0px; outline: 0px; vertical-align: top;\">Assurance propri&eacute;taire</h3>\r\n<p class=\"small\" style=\"box-sizing: border-box; margin: 0px; padding: 0px; border: 0px; outline: 0px; vertical-align: top;\">&Agrave; moins que le logement ne se trouve dans une copropri&eacute;t&eacute;, l\'assurance multirisques habitation n&rsquo;est&nbsp;<strong style=\"box-sizing: border-box;\">aucunement obligatoire</strong>&nbsp;pour les propri&eacute;taires. Mais, ils auront l&rsquo;obligation d\'indemniser eux-m&ecirc;mes l\'ensemble des dommages qu&rsquo;ils pourraient subir ou causer. En souscrivant une assurance MRH, les propri&eacute;taires seront couverts pour les sinistres li&eacute;s aux explosions, d&eacute;g&acirc;ts des eaux, incendies, mais &eacute;galement :</p>\r\n<br style=\"box-sizing: border-box;\" />\r\n<ul class=\"small\" style=\"box-sizing: border-box; margin: 0px; padding: 0px; border: 0px; outline: 0px; vertical-align: top; list-style: none;\">\r\n<li style=\"box-sizing: border-box; margin: 0px; padding: 0px; border: 0px; outline: 0px; vertical-align: top;\">- les biens mobiliers ;</li>\r\n<li style=\"box-sizing: border-box; margin: 0px; padding: 0px; border: 0px; outline: 0px; vertical-align: top;\">- les biens immobiliers ;</li>\r\n<li style=\"box-sizing: border-box; margin: 0px; padding: 0px; border: 0px; outline: 0px; vertical-align: top;\">- et les objets de valeur d&eacute;clar&eacute;s, ou si l&rsquo;assur&eacute; a pris cette option.</li>\r\n</ul>\r\n</li>\r\n<li style=\"box-sizing: border-box; margin: 0px; padding: 0px; border: 0px; outline: 0px; vertical-align: top;\">\r\n<h3 style=\"box-sizing: border-box; font-family: inherit; line-height: 1.1; color: #138caa; margin: 15px 0px; font-size: 18px; padding: 0px; border: 0px; outline: 0px; vertical-align: top;\">Assurance propri&eacute;taire bailleur</h3>\r\n<p class=\"small\" style=\"box-sizing: border-box; margin: 0px; padding: 0px; border: 0px; outline: 0px; vertical-align: top;\">Si un propri&eacute;taire d&eacute;cide de mettre son logement en location, il doit simplement veiller &agrave; louer ce dernier en bon &eacute;tat et, pendant la dur&eacute;e du bail, il se doit de proc&eacute;der aux r&eacute;parations indispensables qui pourraient &ecirc;tre n&eacute;cessaires. La responsabilit&eacute; du propri&eacute;taire peut se trouver engag&eacute;e s\'il appara&icirc;t qu\'un sinistre r&eacute;sulte d\'un vice de construction ou d\'un d&eacute;faut d\'entretien. Un propri&eacute;taire bailleur peut se contenter d\'&ecirc;tre assur&eacute; au titre de la responsabilit&eacute; civile et prend alors une assurance Propri&eacute;taire Non Occupant. Il sera alors couvert avec les garanties suivantes :</p>\r\n<br style=\"box-sizing: border-box;\" />\r\n<ul class=\"small\" style=\"box-sizing: border-box; margin: 0px; padding: 0px; border: 0px; outline: 0px; vertical-align: top; list-style: none;\">\r\n<li style=\"box-sizing: border-box; margin: 0px; padding: 0px; border: 0px; outline: 0px; vertical-align: top;\">- la&nbsp;<strong style=\"box-sizing: border-box;\">garantie recours des locataires</strong>, si c\'est le locataire qui a subi le dommage ;</li>\r\n<li style=\"box-sizing: border-box; margin: 0px; padding: 0px; border: 0px; outline: 0px; vertical-align: top;\">- ou la&nbsp;<strong style=\"box-sizing: border-box;\">garantie recours des voisins et des tiers</strong>, si la personne qui a subi le pr&eacute;judice est l\'un de ses voisins ou une tierce personne.</li>\r\n</ul>\r\n</li>\r\n<li style=\"box-sizing: border-box; margin: 0px; padding: 0px; border: 0px; outline: 0px; vertical-align: top;\">\r\n<h3 style=\"box-sizing: border-box; font-family: inherit; line-height: 1.1; color: #138caa; margin: 15px 0px; font-size: 18px; padding: 0px; border: 0px; outline: 0px; vertical-align: top;\">Quels documents peuvent servir de justificatif de domicile ?</h3>\r\n<p class=\"small\" style=\"box-sizing: border-box; margin: 0px; padding: 0px; border: 0px; outline: 0px; vertical-align: top;\">Lorsque l&rsquo;on vous demande un justificatif de domicile, vous vous demandez peut-&ecirc;tre quel document vous pouvez fournir. En voici la liste :</p>\r\n<br style=\"box-sizing: border-box;\" />\r\n<ul class=\"small\" style=\"box-sizing: border-box; margin: 0px; padding: 0px; border: 0px; outline: 0px; vertical-align: top; list-style: none;\">\r\n<li style=\"box-sizing: border-box; margin: 0px; padding: 0px; border: 0px; outline: 0px; vertical-align: top;\">- une facture d&rsquo;&eacute;lectricit&eacute;, d&rsquo;eau ou de gaz ;</li>\r\n<li style=\"box-sizing: border-box; margin: 0px; padding: 0px; border: 0px; outline: 0px; vertical-align: top;\">- une facture de t&eacute;l&eacute;phone ou de box internet ;</li>\r\n<li style=\"box-sizing: border-box; margin: 0px; padding: 0px; border: 0px; outline: 0px; vertical-align: top;\">- un avis d&rsquo;imposition ou de non-imposition ;</li>\r\n<li style=\"box-sizing: border-box; margin: 0px; padding: 0px; border: 0px; outline: 0px; vertical-align: top;\">- un titre de propri&eacute;t&eacute; ou une quittance de loyer ;</li>\r\n<li style=\"box-sizing: border-box; margin: 0px; padding: 0px; border: 0px; outline: 0px; vertical-align: top;\">- un justificatif de taxe d&rsquo;habitation ;</li>\r\n<li style=\"box-sizing: border-box; margin: 0px; padding: 0px; border: 0px; outline: 0px; vertical-align: top;\">- ou alors une attestation d&rsquo;assurance habitation.</li>\r\n</ul>\r\n</li>\r\n</ul>\r\n</section>\r\n<section style=\"box-sizing: border-box; color: #333333; font-family: \'Open Sans\', sans-serif; font-size: 16px;\"><hr style=\"box-sizing: content-box; height: 0px; margin-top: 35px; margin-bottom: 0px; border-right: 0px; border-bottom: 0px; border-left: 0px; border-image: initial; border-top-style: solid; border-top-color: #eeeeee;\" />\r\n<h2 id=\"FAQ\" class=\"text-center\" style=\"box-sizing: border-box; font-family: inherit; font-weight: 500; line-height: 1.1em; color: #b50000; margin: -30px 0px 0px; font-size: 20px; padding: 70px 0px 0px; border: 0px; outline: 0px; vertical-align: top; text-align: center;\">F.A.Q. assurance habitation</h2>\r\n</section>', 'assurance-habitation', 'Comparer en ligne différentes offres d\'assurance pour votre logement vous permet de payer votre assurance habitation moins chère. C\'est aussi un moyen de gagner du temps. En effet, grâce à un seul et même site, vous avez la possibilité d’avoir une vision globale des différentes offres du marché. Plus besoin de naviguer de site en site, toutes les informations sont regroupées sur Amassur.com. Vous obtenez les différents tarifs proposés pour assurer une maison, ou un appartement, et vous n\'avez plus qu\'à sélectionner celui qui correspond le mieux à vos besoins et à votre budget.', 'particuliers/October2020/g17wpA2P9XlAwroIwcc5.jpg', 'home');
INSERT INTO `particuliers` (`id`, `created_at`, `updated_at`, `deleted_at`, `titre`, `description`, `slug`, `resume`, `image`, `icone`) VALUES
(4, '2020-10-13 16:59:00', '2020-10-16 16:33:03', '2020-10-16 13:17:00', 'Assurance auto', '<ul style=\"box-sizing: border-box; margin: 0px; padding: 0px; border: 0px; outline: 0px; font-size: 16px; vertical-align: top; list-style: none; color: #333333; font-family: \'Open Sans\', sans-serif;\">\r\n<li style=\"box-sizing: border-box; margin: 0px; padding: 0px; border: 0px; outline: 0px; vertical-align: top;\">\r\n<h3 style=\"box-sizing: border-box; font-family: inherit; line-height: 1.1; color: #138caa; margin: 15px 0px; font-size: 18px; padding: 0px; border: 0px; outline: 0px; vertical-align: top;\">Amassur.com, comparateur d\'assurance auto</h3>\r\n<p class=\"small\" style=\"box-sizing: border-box; margin: 0px; padding: 0px; border: 0px; outline: 0px; vertical-align: top;\">Amassur.com est le site d\'assurance le plus fr&eacute;quent&eacute; au Burkina Faso. Inventeur du concept de&nbsp;<strong style=\"box-sizing: border-box;\">comparaison d\'assurances auto en ligne</strong>, Amassur.com interroge en quelques minutes son panel d\'offres assurantielles et compare les&nbsp;<strong style=\"box-sizing: border-box;\">plus grandes marques fran&ccedil;aises</strong>. Le formulaire de comparaison vous restitue ensuite les&nbsp;<strong style=\"box-sizing: border-box;\">meilleures assurances auto</strong>&nbsp;adapt&eacute;es &agrave; votre profil. Il vous permet &eacute;galement de recevoir des informations par courrier et par e-mail ou de&nbsp;<a style=\"box-sizing: border-box; background-color: transparent; color: #138caa; text-decoration-line: none; margin: 0px; padding: 0px; border: 0px; outline: 0px; vertical-align: top; cursor: pointer;\" href=\"https://www.assurland.com/assurance-en-ligne.html\">souscrire en ligne</a>, par t&eacute;l&eacute;phone ou en agence directement aupr&egrave;s de la compagnie d\'assurance qui vous convient le mieux.</p>\r\n</li>\r\n<li style=\"box-sizing: border-box; margin: 0px; padding: 0px; border: 0px; outline: 0px; vertical-align: top;\">\r\n<h3 style=\"box-sizing: border-box; font-family: inherit; line-height: 1.1; color: #138caa; margin: 15px 0px; font-size: 18px; padding: 0px; border: 0px; outline: 0px; vertical-align: top;\">Vous voulez assurer votre auto ?</h3>\r\n<p class=\"small\" style=\"box-sizing: border-box; margin: 0px; padding: 0px; border: 0px; outline: 0px; vertical-align: top;\">La loi impose &agrave; tout automobiliste d\'&ecirc;tre assur&eacute; au titre de ce que l\'on appelle commun&eacute;ment la&nbsp;<strong style=\"box-sizing: border-box;\">\"responsabilit&eacute; civile\"</strong>. Cette assurance auto garantit&nbsp;<strong style=\"box-sizing: border-box;\">l\'indemnisation des dommages mat&eacute;riels et corporels</strong>&nbsp;qui pourraient &ecirc;tre caus&eacute;s &agrave; des tiers par le conducteur de la voiture ou par ses passagers lors d\'un accident. Un contrat d\'assurance pour votre v&eacute;hicule peut &ecirc;tre limit&eacute; &agrave; cette simple garantie ou inclure d\'autres garanties.</p>\r\n</li>\r\n</ul>\r\n<p>&nbsp;</p>\r\n<section style=\"box-sizing: border-box; color: #333333; font-family: \'Open Sans\', sans-serif; font-size: 16px;\">\r\n<ul style=\"box-sizing: border-box; margin: 0px; padding: 0px; border: 0px; outline: 0px; vertical-align: top; list-style: none;\">\r\n<li style=\"box-sizing: border-box; margin: 0px; padding: 0px; border: 0px; outline: 0px; vertical-align: top;\">\r\n<h3 style=\"box-sizing: border-box; font-family: inherit; line-height: 1.1; color: #138caa; margin: 15px 0px; font-size: 18px; padding: 0px; border: 0px; outline: 0px; vertical-align: top;\">Comparez les assurances auto et obtenez un devis auto avec Assurland.com</h3>\r\n<p class=\"small\" style=\"box-sizing: border-box; margin: 0px; padding: 0px; border: 0px; outline: 0px; vertical-align: top;\">Avec Assurland.com, le&nbsp;<a style=\"box-sizing: border-box; background-color: transparent; color: #138caa; text-decoration-line: none; margin: 0px; padding: 0px; border: 0px; outline: 0px; vertical-align: top; cursor: pointer;\" title=\"comparateur d\'assurance auto\" href=\"https://www.assurland.com/assurance-blog/infos-pratiques-assurance/pourquoi-faire-une-comparaison-d-assurances-auto-avec-assurland-com.html\">comparateur d\'assurance auto</a>, vous pouvez comparer gratuitement les prix et garanties d\'un panel d\'offres d\'assurances (MAAF, Allianz, GMF, MMA, Direct Assurance...). Si l\'une des offres propos&eacute;es apr&egrave;s votre comparateur d\'assurances vous int&eacute;resse, vous pouvez&nbsp;<a style=\"box-sizing: border-box; background-color: transparent; color: #138caa; text-decoration-line: none; margin: 0px; padding: 0px; border: 0px; outline: 0px; vertical-align: top; cursor: pointer;\" href=\"https://www.assurland.com/devis-assurance.html\">recevoir un devis gratuitement</a>. Vous pourrez ainsi faire des &eacute;conomies et payer moins cher votre assurance auto.<br style=\"box-sizing: border-box;\" /><br style=\"box-sizing: border-box;\" />Remplir le&nbsp;<strong style=\"box-sizing: border-box;\">questionnaire d\'assurance</strong>&nbsp;auto vous prendra moins de 5 minutes ! Les propositions de contrat d\'assurance voiture pr&eacute;sent&eacute;es ne correspondent &agrave; votre profil que sous r&eacute;serve de l\'exactitude de vos d&eacute;clarations&nbsp;<a style=\"box-sizing: border-box; background-color: transparent; color: #138caa; text-decoration-line: none; margin: 0px; padding: 0px; border: 0px; outline: 0px; vertical-align: top; cursor: pointer;\" href=\"https://www.assurland.com/assurance-blog/infos-pratiques-assurance/comment-faire-une-simulation-d-assurance-auto-avec-assurland-com.html\">faites lors de la simulation de votre assurance</a>.</p>\r\n</li>\r\n<li style=\"box-sizing: border-box; margin: 0px; padding: 0px; border: 0px; outline: 0px; vertical-align: top;\">\r\n<h3 style=\"box-sizing: border-box; font-family: inherit; line-height: 1.1; color: #138caa; margin: 15px 0px; font-size: 18px; padding: 0px; border: 0px; outline: 0px; vertical-align: top;\">Faire des &eacute;conomies sur son assurance auto ?</h3>\r\n<p class=\"small\" style=\"box-sizing: border-box; margin: 0px; padding: 0px; border: 0px; outline: 0px; vertical-align: top;\">En r&eacute;alisant un&nbsp;<strong style=\"box-sizing: border-box;\"><a style=\"box-sizing: border-box; background-color: transparent; color: #138caa; text-decoration-line: none; margin: 0px; padding: 0px; border: 0px; outline: 0px; vertical-align: top; cursor: pointer;\" title=\"comparatif des assurances auto\" href=\"https://www.assurland.com/comparatif-assurance-auto.html\">comparatif des assurances auto</a></strong>&nbsp;sur notre site, vous avez acc&egrave;s en quelques clics aux&nbsp;<strong style=\"box-sizing: border-box;\">tarifs et garanties</strong>&nbsp;propos&eacute;es par les assureurs et autres acteurs du march&eacute;.<br style=\"box-sizing: border-box;\" /><br style=\"box-sizing: border-box;\" />Il ne vous reste qu\'&agrave;&nbsp;<strong style=\"box-sizing: border-box;\">comparer tranquillement les offres des assurances auto</strong>&nbsp;et &agrave; choisir celle qui vous convient le mieux ! Attention cependant &agrave; ne pas d&eacute;laisser les garanties au profit d\'un prix tr&egrave;s attractif.</p>\r\n</li>\r\n<li style=\"box-sizing: border-box; margin: 0px; padding: 0px; border: 0px; outline: 0px; vertical-align: top;\">\r\n<h3 style=\"box-sizing: border-box; font-family: inherit; line-height: 1.1; color: #138caa; margin: 15px 0px; font-size: 18px; padding: 0px; border: 0px; outline: 0px; vertical-align: top;\">Comparez les contrats d\'assurance auto pour :</h3>\r\n<ul class=\"small list-inline\" style=\"box-sizing: border-box; margin: 0px 0px 0px -5px; padding: 0px; border: 0px; outline: 0px; vertical-align: top; list-style: none;\">\r\n<li style=\"box-sizing: border-box; margin: 0px; padding: 0px 5px; border: 0px; outline: 0px; vertical-align: top; display: inline-block;\"><a style=\"box-sizing: border-box; background-color: transparent; color: #138caa; text-decoration-line: none; margin: 0px; padding: 0px; border: 0px; outline: 0px; vertical-align: top; cursor: pointer;\" title=\"assurance Audi\" href=\"https://www.assurland.com/assurance-auto-marques-vehicules/audi.html\">assurance Audi</a></li>\r\n&nbsp;\r\n<li style=\"box-sizing: border-box; margin: 0px; padding: 0px 5px; border: 0px; outline: 0px; vertical-align: top; display: inline-block;\"><a style=\"box-sizing: border-box; background-color: transparent; color: #138caa; text-decoration-line: none; margin: 0px; padding: 0px; border: 0px; outline: 0px; vertical-align: top; cursor: pointer;\" title=\"assurance BMW\" href=\"https://www.assurland.com/assurance-auto-marques-vehicules/bmw.html\">assurance BMW</a></li>\r\n&nbsp;\r\n<li style=\"box-sizing: border-box; margin: 0px; padding: 0px 5px; border: 0px; outline: 0px; vertical-align: top; display: inline-block;\"><a style=\"box-sizing: border-box; background-color: transparent; color: #138caa; text-decoration-line: none; margin: 0px; padding: 0px; border: 0px; outline: 0px; vertical-align: top; cursor: pointer;\" title=\"assurance Citro&euml;n\" href=\"https://www.assurland.com/assurance-auto-marques-vehicules/citroen.html\">assurance Citro&euml;n</a></li>\r\n&nbsp;\r\n<li style=\"box-sizing: border-box; margin: 0px; padding: 0px 5px; border: 0px; outline: 0px; vertical-align: top; display: inline-block;\"><a style=\"box-sizing: border-box; background-color: transparent; color: #138caa; text-decoration-line: none; margin: 0px; padding: 0px; border: 0px; outline: 0px; vertical-align: top; cursor: pointer;\" title=\"assurance Fiat\" href=\"https://www.assurland.com/assurance-auto-marques-vehicules/fiat.html\">assurance Fiat</a></li>\r\n&nbsp;\r\n<li style=\"box-sizing: border-box; margin: 0px; padding: 0px 5px; border: 0px; outline: 0px; vertical-align: top; display: inline-block;\"><a style=\"box-sizing: border-box; background-color: transparent; color: #138caa; text-decoration-line: none; margin: 0px; padding: 0px; border: 0px; outline: 0px; vertical-align: top; cursor: pointer;\" title=\"assurance Ford\" href=\"https://www.assurland.com/assurance-auto-marques-vehicules/ford.html\">assurance Ford</a></li>\r\n&nbsp;\r\n<li style=\"box-sizing: border-box; margin: 0px; padding: 0px 5px; border: 0px; outline: 0px; vertical-align: top; display: inline-block;\"><a style=\"box-sizing: border-box; background-color: transparent; color: #138caa; text-decoration-line: none; margin: 0px; padding: 0px; border: 0px; outline: 0px; vertical-align: top; cursor: pointer;\" title=\"assurance Honda\" href=\"https://www.assurland.com/assurance-auto-marques-vehicules/honda.html\">assurance Honda</a></li>\r\n&nbsp;\r\n<li style=\"box-sizing: border-box; margin: 0px; padding: 0px 5px; border: 0px; outline: 0px; vertical-align: top; display: inline-block;\"><a style=\"box-sizing: border-box; background-color: transparent; color: #138caa; text-decoration-line: none; margin: 0px; padding: 0px; border: 0px; outline: 0px; vertical-align: top; cursor: pointer;\" title=\"assurance Mercedes\" href=\"https://www.assurland.com/assurance-auto-marques-vehicules/mercedes.html\">assurance Mercedes</a></li>\r\n&nbsp;\r\n<li style=\"box-sizing: border-box; margin: 0px; padding: 0px 5px; border: 0px; outline: 0px; vertical-align: top; display: inline-block;\"><a style=\"box-sizing: border-box; background-color: transparent; color: #138caa; text-decoration-line: none; margin: 0px; padding: 0px; border: 0px; outline: 0px; vertical-align: top; cursor: pointer;\" title=\"assurance Opel\" href=\"https://www.assurland.com/assurance-auto-marques-vehicules/opel.html\">assurance Opel</a></li>\r\n&nbsp;\r\n<li style=\"box-sizing: border-box; margin: 0px; padding: 0px 5px; border: 0px; outline: 0px; vertical-align: top; display: inline-block;\"><a style=\"box-sizing: border-box; background-color: transparent; color: #138caa; text-decoration-line: none; margin: 0px; padding: 0px; border: 0px; outline: 0px; vertical-align: top; cursor: pointer;\" title=\"assurance Peugeot\" href=\"https://www.assurland.com/assurance-auto-marques-vehicules/peugeot.html\">assurance Peugeot</a></li>\r\n&nbsp;\r\n<li style=\"box-sizing: border-box; margin: 0px; padding: 0px 5px; border: 0px; outline: 0px; vertical-align: top; display: inline-block;\"><a style=\"box-sizing: border-box; background-color: transparent; color: #138caa; text-decoration-line: none; margin: 0px; padding: 0px; border: 0px; outline: 0px; vertical-align: top; cursor: pointer;\" title=\"assurance Renault\" href=\"https://www.assurland.com/assurance-auto-marques-vehicules/renault.html\">assurance Renault</a></li>\r\n&nbsp;\r\n<li style=\"box-sizing: border-box; margin: 0px; padding: 0px 5px; border: 0px; outline: 0px; vertical-align: top; display: inline-block;\"><a style=\"box-sizing: border-box; background-color: transparent; color: #138caa; text-decoration-line: none; margin: 0px; padding: 0px; border: 0px; outline: 0px; vertical-align: top; cursor: pointer;\" title=\"assurance Seat\" href=\"https://www.assurland.com/assurance-auto-marques-vehicules/seat.html\">assurance Seat</a></li>\r\n&nbsp;\r\n<li style=\"box-sizing: border-box; margin: 0px; padding: 0px 5px; border: 0px; outline: 0px; vertical-align: top; display: inline-block;\"><a style=\"box-sizing: border-box; background-color: transparent; color: #138caa; text-decoration-line: none; margin: 0px; padding: 0px; border: 0px; outline: 0px; vertical-align: top; cursor: pointer;\" title=\"assurance Toyota\" href=\"https://www.assurland.com/assurance-auto-marques-vehicules/toyota.html\">assurance Toyota</a></li>\r\n&nbsp;\r\n<li style=\"box-sizing: border-box; margin: 0px; padding: 0px 5px; border: 0px; outline: 0px; vertical-align: top; display: inline-block;\"><a style=\"box-sizing: border-box; background-color: transparent; color: #138caa; text-decoration-line: none; margin: 0px; padding: 0px; border: 0px; outline: 0px; vertical-align: top; cursor: pointer;\" title=\"assurance Volkswagen\" href=\"https://www.assurland.com/assurance-auto-marques-vehicules/volkswagen.html\">assurance Volkswagen</a></li>\r\n&nbsp;\r\n<li style=\"box-sizing: border-box; margin: 0px; padding: 0px 5px; border: 0px; outline: 0px; vertical-align: top; display: inline-block;\"><a style=\"box-sizing: border-box; background-color: transparent; color: #138caa; text-decoration-line: none; margin: 0px; padding: 0px; border: 0px; outline: 0px; vertical-align: top; cursor: pointer;\" title=\"assurance Volvo\" href=\"https://www.assurland.com/assurance-auto-marques-vehicules/volvo.html\">assurance Volvo</a></li>\r\n</ul>\r\n</li>\r\n<li style=\"box-sizing: border-box; margin: 0px; padding: 0px; border: 0px; outline: 0px; vertical-align: top;\">\r\n<h3 style=\"box-sizing: border-box; font-family: inherit; line-height: 1.1; color: #138caa; margin: 15px 0px; font-size: 18px; padding: 0px; border: 0px; outline: 0px; vertical-align: top;\">Remplissez ce formulaire d\'assurance auto et comparez en d&eacute;tail les meilleures offres en fonction de vos besoins et de votre budget</h3>\r\n<ul class=\"small\" style=\"box-sizing: border-box; margin: 0px; padding: 0px; border: 0px; outline: 0px; vertical-align: top; list-style: none;\">\r\n<li style=\"box-sizing: border-box; margin: 0px; padding: 0px; border: 0px; outline: 0px; vertical-align: top;\">Vous avez besoin :</li>\r\n<li style=\"box-sizing: border-box; margin: 0px; padding: 0px; border: 0px; outline: 0px; vertical-align: top;\">- du&nbsp;<strong style=\"box-sizing: border-box;\">mois d\'&eacute;ch&eacute;ance de votre contrat</strong>&nbsp;actuel si vous &ecirc;tes actuellement assur&eacute;. Si vous ne le connaissez pas, vous trouverez cette information sur votre contrat d\'assurance en cours ;</li>\r\n<li style=\"box-sizing: border-box; margin: 0px; padding: 0px; border: 0px; outline: 0px; vertical-align: top;\">- de la&nbsp;<strong style=\"box-sizing: border-box;\">date de votre permis de conduire</strong>&nbsp;(mois/ann&eacute;e) : si vous ne vous en rappelez plus, vous trouverez cette information sur votre permis de conduire ;</li>\r\n<li style=\"box-sizing: border-box; margin: 0px; padding: 0px; border: 0px; outline: 0px; vertical-align: top;\">- de la date de permis de conduire de votre conjoint/concubin (mois/ann&eacute;e) si vous &ecirc;tes&nbsp;<strong style=\"box-sizing: border-box;\">mari&eacute;(e), pacs&eacute;(e) ou concubin&eacute;(e)</strong>&nbsp;: si vous ne la connaissez pas, vous trouverez cette information sur son permis de conduire ;</li>\r\n<li style=\"box-sizing: border-box; margin: 0px; padding: 0px; border: 0px; outline: 0px; vertical-align: top;\">- de la date de&nbsp;<strong style=\"box-sizing: border-box;\">mise en circulation</strong>&nbsp;de votre v&eacute;hicule (mois/ann&eacute;e) s\'il s\'agit d\'assurer une automobile qui est d&eacute;j&agrave; en circulation : si vous ne vous en rappelez plus, vous trouverez cette information sur votre&nbsp;<strong style=\"box-sizing: border-box;\">carte grise</strong>&nbsp;;</li>\r\n<li style=\"box-sizing: border-box; margin: 0px; padding: 0px; border: 0px; outline: 0px; vertical-align: top;\">- de la valeur de votre&nbsp;<strong style=\"box-sizing: border-box;\">bonus/malus auto</strong>&nbsp;actuel si vous avez d&eacute;j&agrave; &eacute;t&eacute; assur&eacute;(e) : si vous ne le connaissez pas, vous trouverez cette information sur votre dernier&nbsp;<strong style=\"box-sizing: border-box;\">relev&eacute; d\'information</strong>&nbsp;envoy&eacute; par votre compagnie d\'assurance ;</li>\r\n<li style=\"box-sizing: border-box; margin: 0px; padding: 0px; border: 0px; outline: 0px; vertical-align: top;\">- de la date du ou des&nbsp;<strong style=\"box-sizing: border-box;\">sinistres</strong>&nbsp;(mois/ann&eacute;e) de moins de 3 ans (si vous en avez eu) : si vous ne vous en rappelez plus, vous trouverez cette information sur votre dernier relev&eacute; d\'information envoy&eacute; par votre compagnie d\'assurance ;</li>\r\n<li style=\"box-sizing: border-box; margin: 0px; padding: 0px; border: 0px; outline: 0px; vertical-align: top;\">- de la date (mois/ann&eacute;e) et des r&eacute;sultats du ou des&nbsp;<strong style=\"box-sizing: border-box;\">contr&ocirc;les d\'alcool&eacute;mie</strong>&nbsp;de moins de 5 ans (si vous en avez eu) : si vous ne vous en rappelez plus, vous trouverez cette information sur le&nbsp;<strong style=\"box-sizing: border-box;\">proc&egrave;s verbal</strong>&nbsp;&eacute;tabli par les forces de l\'ordre.</li>\r\n</ul>\r\n</li>\r\n</ul>\r\n</section>\r\n<section style=\"box-sizing: border-box; color: #333333; font-family: \'Open Sans\', sans-serif; font-size: 16px;\">\r\n<h2 id=\"Contrats\" style=\"box-sizing: border-box; font-family: inherit; font-weight: 500; line-height: 1.1em; color: #b50000; margin: -30px 0px 0px; font-size: 20px; padding: 70px 0px 0px; border: 0px; outline: 0px; vertical-align: top;\">Les diff&eacute;rences entre les contrats d\'assurance auto :</h2>\r\n<ul style=\"box-sizing: border-box; margin: 0px; padding: 0px; border: 0px; outline: 0px; vertical-align: top; list-style: none;\">\r\n<li style=\"box-sizing: border-box; margin: 0px; padding: 0px; border: 0px; outline: 0px; vertical-align: top;\">\r\n<h3 style=\"box-sizing: border-box; font-family: inherit; line-height: 1.1; color: #138caa; margin: 15px 0px; font-size: 18px; padding: 0px; border: 0px; outline: 0px; vertical-align: top;\">La responsabilit&eacute; civile auto et autres garanties</h3>\r\n<p class=\"small\" style=\"box-sizing: border-box; margin: 0px; padding: 0px; border: 0px; outline: 0px; vertical-align: top;\">La responsabilit&eacute; civile est la&nbsp;<strong style=\"box-sizing: border-box;\">garantie minimale obligatoire</strong>&nbsp;incluse dans tous les contrats d\'assurance auto. Elle prend en charge la&nbsp;<strong style=\"box-sizing: border-box;\">r&eacute;paration des dommages caus&eacute;s &agrave; la victime</strong>&nbsp;lors d\'un sinistre.<br style=\"box-sizing: border-box;\" /><br style=\"box-sizing: border-box;\" />Il existe en outre d\'autres garanties que l\'on peut souscrire en plus de la responsabilit&eacute; civile : la garantie&nbsp;<strong style=\"box-sizing: border-box;\">conducteur, bris de glace, vol, incendie, catastrophe naturelle, protection juridique, attentat</strong>...</p>\r\n</li>\r\n<li style=\"box-sizing: border-box; margin: 0px; padding: 0px; border: 0px; outline: 0px; vertical-align: top;\">\r\n<h3 style=\"box-sizing: border-box; font-family: inherit; line-height: 1.1; color: #138caa; margin: 15px 0px; font-size: 18px; padding: 0px; border: 0px; outline: 0px; vertical-align: top;\">Qu\'est-ce que l\'assurance auto au tiers ?</h3>\r\n<p class=\"small\" style=\"box-sizing: border-box; margin: 0px; padding: 0px; border: 0px; outline: 0px; vertical-align: top;\"><strong style=\"box-sizing: border-box;\">L\'assurance au tiers</strong>&nbsp;est l\'autre nom de la responsabilit&eacute; civile. Elle prend donc en charge les frais engendr&eacute;s par les d&eacute;g&acirc;ts mat&eacute;riels et corporels inflig&eacute;s &agrave; un tiers lorsque&nbsp;<strong style=\"box-sizing: border-box;\">le conducteur de la voiture est responsable</strong>. En effet, en assurance, on diff&eacute;rencie dommages mat&eacute;riels et corporels.</p>\r\n</li>\r\n<li style=\"box-sizing: border-box; margin: 0px; padding: 0px; border: 0px; outline: 0px; vertical-align: top;\">\r\n<h3 style=\"box-sizing: border-box; font-family: inherit; line-height: 1.1; color: #138caa; margin: 15px 0px; font-size: 18px; padding: 0px; border: 0px; outline: 0px; vertical-align: top;\">Qu\'est-ce que l\'assurance tous risques ?</h3>\r\n<p class=\"small\" style=\"box-sizing: border-box; margin: 0px; padding: 0px; border: 0px; outline: 0px; vertical-align: top;\"><strong style=\"box-sizing: border-box;\">L\'assurance tous risques</strong>&nbsp;est la formule d\'assurance voiture la plus compl&egrave;te. Elle propose un grand nombre de garanties telles que la garantie dommages et collisions, et indemnise de la plupart des sinistres.<br style=\"box-sizing: border-box;\" /><br style=\"box-sizing: border-box;\" />Elle peut &eacute;galement comporter quelques options telles que : la garantie&nbsp;<strong style=\"box-sizing: border-box;\">panne m&eacute;canique</strong>, conducteur &eacute;tendue, protection juridique &eacute;tendue,&nbsp;<strong style=\"box-sizing: border-box;\">valeur &agrave; neuf</strong>, pr&ecirc;t d\'un v&eacute;hicule de courtoisie en cas d\'immobilisation de l\'automobile de l\'assur&eacute;...</p>\r\n</li>\r\n<li style=\"box-sizing: border-box; margin: 0px; padding: 0px; border: 0px; outline: 0px; vertical-align: top;\">\r\n<h3 style=\"box-sizing: border-box; font-family: inherit; line-height: 1.1; color: #138caa; margin: 15px 0px; font-size: 18px; padding: 0px; border: 0px; outline: 0px; vertical-align: top;\">Qu\'est-ce que l\'assurance auto interm&eacute;diaire ?</h3>\r\n<p class=\"small\" style=\"box-sizing: border-box; margin: 0px; padding: 0px; border: 0px; outline: 0px; vertical-align: top;\">Comme son nom l\'indique, l\'<strong style=\"box-sizing: border-box;\">assurance auto interm&eacute;diaire</strong>&nbsp;se situe entre l\'assurance au tiers et tous risques. Elle inclut la responsabilit&eacute; civile obligatoire ainsi que quelques garanties : vol, incendie, bris de glace, temp&ecirc;te,&nbsp;<strong style=\"box-sizing: border-box;\">Cat Nat</strong>...</p>\r\n</li>\r\n<li style=\"box-sizing: border-box; margin: 0px; padding: 0px; border: 0px; outline: 0px; vertical-align: top;\">\r\n<h3 style=\"box-sizing: border-box; font-family: inherit; line-height: 1.1; color: #138caa; margin: 15px 0px; font-size: 18px; padding: 0px; border: 0px; outline: 0px; vertical-align: top;\">Choisir une assurance auto au tiers ou tous risques ?</h3>\r\n<p class=\"small\" style=\"box-sizing: border-box; margin: 0px; padding: 0px; border: 0px; outline: 0px; vertical-align: top;\">Pour un&nbsp;<strong style=\"box-sizing: border-box;\">v&eacute;hicule cher</strong>, il peut &ecirc;tre judicieux de souscrire une assurance tous risques. En revanche, pour&nbsp;<strong style=\"box-sizing: border-box;\">une vieille voiture</strong>&nbsp;et/ou une voiture au kilom&eacute;trage &eacute;lev&eacute;, une assurance au tiers peut &ecirc;tre suffisante. Vous ne savez pas quelle formule choisir ?&nbsp;<a style=\"box-sizing: border-box; background-color: transparent; color: #138caa; text-decoration-line: none; margin: 0px; padding: 0px; border: 0px; outline: 0px; vertical-align: top; cursor: pointer;\" href=\"https://www.assurland.com/simulation-assurance.html\">Faites une simulation d\'assurance pour chaque formule</a>&nbsp;!</p>\r\n</li>\r\n</ul>\r\n</section>\r\n<section style=\"box-sizing: border-box; color: #333333; font-family: \'Open Sans\', sans-serif; font-size: 16px;\">\r\n<h2 id=\"Type\" style=\"box-sizing: border-box; font-family: inherit; font-weight: 500; line-height: 1.1em; color: #b50000; margin: -30px 0px 0px; font-size: 20px; padding: 70px 0px 0px; border: 0px; outline: 0px; vertical-align: top;\">L\'assurance auto en fonction du type de voiture :</h2>\r\n<ul style=\"box-sizing: border-box; margin: 0px; padding: 0px; border: 0px; outline: 0px; vertical-align: top; list-style: none;\">\r\n<li style=\"box-sizing: border-box; margin: 0px; padding: 0px; border: 0px; outline: 0px; vertical-align: top;\">\r\n<h3 style=\"box-sizing: border-box; font-family: inherit; line-height: 1.1; color: #138caa; margin: 15px 0px; font-size: 18px; padding: 0px; border: 0px; outline: 0px; vertical-align: top;\">Comment assurer un v&eacute;hicule neuf ?</h3>\r\n<p class=\"small\" style=\"box-sizing: border-box; margin: 0px; padding: 0px; border: 0px; outline: 0px; vertical-align: top;\">Pour une&nbsp;<strong style=\"box-sizing: border-box;\">voiture neuve</strong>, il est fortement recommand&eacute; d\'opter pour une&nbsp;<strong style=\"box-sizing: border-box;\">protection maximale</strong>. Autrement dit, une assurance tous risques est conseill&eacute;e &agrave;&nbsp;<strong style=\"box-sizing: border-box;\">l\'acquisition d\'un nouveau v&eacute;hicule</strong>. La garantie valeur &agrave; neuf peut &ecirc;tre int&eacute;ressante : elle permet d\'&ecirc;tre indemnis&eacute; &agrave; la hauteur du prix d\'achat du v&eacute;hicule en cas de sinistre, et ce pendant les deux premi&egrave;res ann&eacute;es suivant l\'acquisition.</p>\r\n</li>\r\n<li style=\"box-sizing: border-box; margin: 0px; padding: 0px; border: 0px; outline: 0px; vertical-align: top;\">\r\n<h3 style=\"box-sizing: border-box; font-family: inherit; line-height: 1.1; color: #138caa; margin: 15px 0px; font-size: 18px; padding: 0px; border: 0px; outline: 0px; vertical-align: top;\">Trouver un devis d\'assurance pour une voiture d\'occasion</h3>\r\n<p class=\"small\" style=\"box-sizing: border-box; margin: 0px; padding: 0px; border: 0px; outline: 0px; vertical-align: top;\">Un v&eacute;hicule d\'occasion co&ucirc;te&nbsp;<strong style=\"box-sizing: border-box;\">moins cher &agrave; l\'achat</strong>. L\'assurance auto pour une voiture d\'occasion est &eacute;galement moins ch&egrave;re. Pour une automobile ancienne et/ou de faible valeur, Assurland.com vous conseille une assurance au tiers ou interm&eacute;diaire.<br style=\"box-sizing: border-box;\" /><br style=\"box-sizing: border-box;\" />En cas de&nbsp;<strong style=\"box-sizing: border-box;\">vice cach&eacute;</strong>&nbsp;d&eacute;tect&eacute;, l\'acheteur dispose d\'un d&eacute;lai de 2 ans &agrave; partir de la d&eacute;couverte du vice pour annuler la vente du v&eacute;hicule. Dans ce cas, la&nbsp;<strong style=\"box-sizing: border-box;\">garantie protection juridique</strong>&nbsp;vous aidera dans vos d&eacute;marches.</p>\r\n</li>\r\n<li style=\"box-sizing: border-box; margin: 0px; padding: 0px; border: 0px; outline: 0px; vertical-align: top;\">\r\n<h3 style=\"box-sizing: border-box; font-family: inherit; line-height: 1.1; color: #138caa; margin: 15px 0px; font-size: 18px; padding: 0px; border: 0px; outline: 0px; vertical-align: top;\">Quelle assurance pour une voiture &eacute;lectrique ?</h3>\r\n<p class=\"small\" style=\"box-sizing: border-box; margin: 0px; padding: 0px; border: 0px; outline: 0px; vertical-align: top;\">Certaines garanties peuvent &ecirc;tre int&eacute;ressantes dans le cas d\'une automobile &eacute;lectrique :&nbsp;<strong style=\"box-sizing: border-box;\">l\'assistance panne &eacute;lectrique 0 km</strong>, le remorquage de la voiture d&eacute;charg&eacute;e jusqu\'&agrave; la&nbsp;<strong style=\"box-sizing: border-box;\">borne de recharge</strong>&nbsp;la plus proche, la prise en charge des&nbsp;<strong style=\"box-sizing: border-box;\">dommages &eacute;lectriques li&eacute;s &agrave; la recharge</strong>...</p>\r\n</li>\r\n<li style=\"box-sizing: border-box; margin: 0px; padding: 0px; border: 0px; outline: 0px; vertical-align: top;\">\r\n<h3 style=\"box-sizing: border-box; font-family: inherit; line-height: 1.1; color: #138caa; margin: 15px 0px; font-size: 18px; padding: 0px; border: 0px; outline: 0px; vertical-align: top;\">Comment assurer une voiture de luxe ?</h3>\r\n<p class=\"small\" style=\"box-sizing: border-box; margin: 0px; padding: 0px; border: 0px; outline: 0px; vertical-align: top;\">&Agrave; l\'instar d\'une&nbsp;<strong style=\"box-sizing: border-box;\">voiture neuve, une voiture de luxe ou haut de gamme</strong>&nbsp;est on&eacute;reuse. Il est donc vivement recommand&eacute; de souscrire une assurance auto tous risques pour un tel v&eacute;hicule. Trouvez rapidement&nbsp;<strong style=\"box-sizing: border-box;\">le meilleur contrat d\'assurance auto</strong>&nbsp;pour une&nbsp;<strong style=\"box-sizing: border-box;\">voiture de prestige</strong>&nbsp;avec Assurland.com !</p>\r\n</li>\r\n<li style=\"box-sizing: border-box; margin: 0px; padding: 0px; border: 0px; outline: 0px; vertical-align: top;\">\r\n<h3 style=\"box-sizing: border-box; font-family: inherit; line-height: 1.1; color: #138caa; margin: 15px 0px; font-size: 18px; padding: 0px; border: 0px; outline: 0px; vertical-align: top;\">Comment trouver une bonne assurance SUV ?</h3>\r\n<p class=\"small\" style=\"box-sizing: border-box; margin: 0px; padding: 0px; border: 0px; outline: 0px; vertical-align: top;\">G&eacute;n&eacute;ralement, les&nbsp;<strong style=\"box-sizing: border-box;\">SUV</strong>&nbsp;sont des v&eacute;hicules assez chers. Il peut donc &ecirc;tre int&eacute;ressant de&nbsp;<a style=\"box-sizing: border-box; background-color: transparent; color: #138caa; text-decoration-line: none; margin: 0px; padding: 0px; border: 0px; outline: 0px; vertical-align: top; cursor: pointer;\" href=\"https://www.assurland.com/devis-assurance-auto.html\">trouver un devis d\'assurance auto tous risques</a>. Il faut &eacute;galement savoir que l\'assurance d\'un SUV est plus ch&egrave;re que&nbsp;<strong style=\"box-sizing: border-box;\">l\'assurance d\'une berline ou d\'un monospace</strong>&nbsp;de tarif &eacute;quivalent.</p>\r\n</li>\r\n<li style=\"box-sizing: border-box; margin: 0px; padding: 0px; border: 0px; outline: 0px; vertical-align: top;\">\r\n<h3 style=\"box-sizing: border-box; font-family: inherit; line-height: 1.1; color: #138caa; margin: 15px 0px; font-size: 18px; padding: 0px; border: 0px; outline: 0px; vertical-align: top;\">Quel contrat d\'assurance auto pour une voiture en leasing ?</h3>\r\n<p class=\"small\" style=\"box-sizing: border-box; margin: 0px; padding: 0px; border: 0px; outline: 0px; vertical-align: top;\">Le&nbsp;<strong style=\"box-sizing: border-box;\">leasing ou LOA (location avec option d\'achat)</strong>&nbsp;d&eacute;signe la location d\'un v&eacute;hicule avec possibilit&eacute; de le&nbsp;<strong style=\"box-sizing: border-box;\">racheter</strong>. Comme pour tout v&eacute;hicule &agrave; moteur en France, l\'assurance est&nbsp;<strong style=\"box-sizing: border-box;\">obligatoire</strong>. Les compagnies d\'assurance proposent souvent une&nbsp;<strong style=\"box-sizing: border-box;\">option voiture leasing</strong>&nbsp;dans leurs contrats.</p>\r\n</li>\r\n<li style=\"box-sizing: border-box; margin: 0px; padding: 0px; border: 0px; outline: 0px; vertical-align: top;\">\r\n<h3 style=\"box-sizing: border-box; font-family: inherit; line-height: 1.1; color: #138caa; margin: 15px 0px; font-size: 18px; padding: 0px; border: 0px; outline: 0px; vertical-align: top;\">Peut-on assurer une voiture sans permis ?</h3>\r\n<p class=\"small\" style=\"box-sizing: border-box; margin: 0px; padding: 0px; border: 0px; outline: 0px; vertical-align: top;\">Une&nbsp;<strong style=\"box-sizing: border-box;\">voiturette ou voiture sans permis</strong>&nbsp;doit obligatoirement &ecirc;tre assur&eacute;e. En fonction de la formule choisie, de ses garanties ou du type de voiture (capacit&eacute; de transport, puissance...), le prix d\'une assurance voiture sans permis peut varier. Si le v&eacute;hicule est utilis&eacute; par&nbsp;<strong style=\"box-sizing: border-box;\">plusieurs conducteurs</strong>, il peut &ecirc;tre int&eacute;ressant de&nbsp;<strong style=\"box-sizing: border-box;\">souscrire une garantie pr&ecirc;t de volant</strong>.</p>\r\n</li>\r\n</ul>\r\n<img class=\"b-lazy img-responsive\" style=\"box-sizing: border-box; border: 0px; vertical-align: top; margin: 35px auto auto; padding: 0px; outline: 0px; display: block; max-width: 100%; height: auto; transition: opacity 500ms ease-in-out 0s; opacity: 1;\" src=\"https://d1syos9fsbz8ei.cloudfront.net/Images/Form/auto.jpg\" alt=\"auto\" /></section>\r\n<section style=\"box-sizing: border-box; color: #333333; font-family: \'Open Sans\', sans-serif; font-size: 16px;\">\r\n<h2 id=\"Souscrire\" style=\"box-sizing: border-box; font-family: inherit; font-weight: 500; line-height: 1.1em; color: #b50000; margin: -30px 0px 0px; font-size: 20px; padding: 70px 0px 0px; border: 0px; outline: 0px; vertical-align: top;\">Souscrire une assurance auto avec un comparateur en ligne</h2>\r\n<ul style=\"box-sizing: border-box; margin: 0px; padding: 0px; border: 0px; outline: 0px; vertical-align: top; list-style: none;\">\r\n<li style=\"box-sizing: border-box; margin: 0px; padding: 0px; border: 0px; outline: 0px; vertical-align: top;\">\r\n<h3 style=\"box-sizing: border-box; font-family: inherit; line-height: 1.1; color: #138caa; margin: 15px 0px; font-size: 18px; padding: 0px; border: 0px; outline: 0px; vertical-align: top;\">Comment obtenir une attestation d\'assurance auto ?</h3>\r\n<p class=\"small\" style=\"box-sizing: border-box; margin: 0px; padding: 0px; border: 0px; outline: 0px; vertical-align: top;\">Aussi connue sous le nom de&nbsp;<strong style=\"box-sizing: border-box;\">carte verte, l\'attestation d\'assurance auto</strong>&nbsp;est obligatoire. Elle sert &agrave; prouver que vous disposez effectivement d\'un&nbsp;<strong style=\"box-sizing: border-box;\">contrat de protection</strong>&nbsp;pour votre voiture. La compagnie d\'assurance que vous avez choisie vous l\'enverra dans les jours suivant votre&nbsp;<strong style=\"box-sizing: border-box;\">souscription</strong>.</p>\r\n</li>\r\n<li style=\"box-sizing: border-box; margin: 0px; padding: 0px; border: 0px; outline: 0px; vertical-align: top;\">\r\n<h3 style=\"box-sizing: border-box; font-family: inherit; line-height: 1.1; color: #138caa; margin: 15px 0px; font-size: 18px; padding: 0px; border: 0px; outline: 0px; vertical-align: top;\">Pourquoi faire une comparaison d\'assurance voiture ?</h3>\r\n<p class=\"small\" style=\"box-sizing: border-box; margin: 0px; padding: 0px; border: 0px; outline: 0px; vertical-align: top;\">Il peut &ecirc;tre int&eacute;ressant d\'effectuer une&nbsp;<strong style=\"box-sizing: border-box;\">comparaison d\'assurance auto</strong>&nbsp;afin de trouver le meilleur contrat en fonction de vos besoins et de votre budget. C\'est une fa&ccedil;on simple, rapide et efficace pour se renseigner sur les diff&eacute;rents contrats d\'assurance auto correspondant &agrave; votre v&eacute;hicule avant de souscrire. Vous serez &eacute;galement plus &agrave; m&ecirc;me d\'<strong style=\"box-sizing: border-box;\">&eacute;valuer le co&ucirc;t des diff&eacute;rents niveaux de couverture</strong>&nbsp;que vous d&eacute;sirez pour votre automobile.</p>\r\n</li>\r\n<li style=\"box-sizing: border-box; margin: 0px; padding: 0px; border: 0px; outline: 0px; vertical-align: top;\">\r\n<h3 style=\"box-sizing: border-box; font-family: inherit; line-height: 1.1; color: #138caa; margin: 15px 0px; font-size: 18px; padding: 0px; border: 0px; outline: 0px; vertical-align: top;\">Obtenir un devis d\'assurance auto avec un permis &eacute;tranger, est-ce possible ?</h3>\r\n<p class=\"small\" style=\"box-sizing: border-box; margin: 0px; padding: 0px; border: 0px; outline: 0px; vertical-align: top;\">Oui, il est tout &agrave; fait possible de&nbsp;<strong style=\"box-sizing: border-box;\">trouver une bonne assurance voiture</strong>&nbsp;avec un&nbsp;<strong style=\"box-sizing: border-box;\">permis &eacute;tranger</strong>. N&eacute;anmoins, quelques conditions s\'imposent : il faut que votre permis soit&nbsp;<strong style=\"box-sizing: border-box;\">valide</strong>. Pour les&nbsp;<strong style=\"box-sizing: border-box;\">permis europ&eacute;ens</strong>, l\'&eacute;change avec un permis fran&ccedil;ais n\'est pas obligatoire, except&eacute; si vous avez commis une infraction en France. Pour les permis non-europ&eacute;ens, il est possible d\'obtenir une validation pour une ann&eacute;e sous&nbsp;<strong style=\"box-sizing: border-box;\">conditions</strong>.</p>\r\n</li>\r\n<li style=\"box-sizing: border-box; margin: 0px; padding: 0px; border: 0px; outline: 0px; vertical-align: top;\">\r\n<h3 style=\"box-sizing: border-box; font-family: inherit; line-height: 1.1; color: #138caa; margin: 15px 0px; font-size: 18px; padding: 0px; border: 0px; outline: 0px; vertical-align: top;\">Comment souscrire une assurance auto jeune conducteur ?</h3>\r\n<p class=\"small\" style=\"box-sizing: border-box; margin: 0px; padding: 0px; border: 0px; outline: 0px; vertical-align: top;\">Les&nbsp;<strong style=\"box-sizing: border-box;\">jeunes conducteurs</strong>&nbsp;sont consid&eacute;r&eacute;s comme des&nbsp;<strong style=\"box-sizing: border-box;\">profils &agrave; risques</strong>. Ainsi, la&nbsp;<strong style=\"box-sizing: border-box;\">majoration de la prime d\'assurance</strong>&nbsp;peut atteindre jusqu\'&agrave; 100 % pendant les&nbsp;<strong style=\"box-sizing: border-box;\">deux premi&egrave;res ann&eacute;es</strong>&nbsp;suivant le permis de conduire.<br style=\"box-sizing: border-box;\" /><br style=\"box-sizing: border-box;\" />Avec une assurance au tiers, une voiture d\'occasion pas ch&egrave;re ou en souscrivant chez l\'assureur de vos parents, vous&nbsp;<strong style=\"box-sizing: border-box;\">r&eacute;duirez le co&ucirc;t de votre assurance</strong>. N\'h&eacute;sitez pas &agrave; comparer les diff&eacute;rentes offres d\'assurance auto pour trouver le meilleur prix !</p>\r\n</li>\r\n<li style=\"box-sizing: border-box; margin: 0px; padding: 0px; border: 0px; outline: 0px; vertical-align: top;\">\r\n<h3 style=\"box-sizing: border-box; font-family: inherit; line-height: 1.1; color: #138caa; margin: 15px 0px; font-size: 18px; padding: 0px; border: 0px; outline: 0px; vertical-align: top;\">Quelle assurance voiture apr&egrave;s la conduite accompagn&eacute;e ?</h3>\r\n<p class=\"small\" style=\"box-sizing: border-box; margin: 0px; padding: 0px; border: 0px; outline: 0px; vertical-align: top;\">Pour un jeune conducteur, la&nbsp;<strong style=\"box-sizing: border-box;\">conduite accompagn&eacute;e</strong>&nbsp;peut permettre de&nbsp;<strong style=\"box-sizing: border-box;\">r&eacute;duire la surprime de l\'assurance auto</strong>&nbsp;de moiti&eacute; (jusqu\'&agrave; 50 % maximum). Apr&egrave;s un an d\'assurance, ce surco&ucirc;t est r&eacute;duit de moiti&eacute; si l\'assur&eacute; n\'a &eacute;t&eacute; responsable d\'aucun accident. Deux ans apr&egrave;s, elle est supprim&eacute;e. Il arrive parfois qu\'un assureur d&eacute;livre un contrat sans surprime &agrave; un jeune conducteur ayant effectu&eacute; la conduite accompagn&eacute;e.</p>\r\n</li>\r\n<li style=\"box-sizing: border-box; margin: 0px; padding: 0px; border: 0px; outline: 0px; vertical-align: top;\">\r\n<h3 style=\"box-sizing: border-box; font-family: inherit; line-height: 1.1; color: #138caa; margin: 15px 0px; font-size: 18px; padding: 0px; border: 0px; outline: 0px; vertical-align: top;\">Trouver une assurance voiture &eacute;tudiant</h3>\r\n<p class=\"small\" style=\"box-sizing: border-box; margin: 0px; padding: 0px; border: 0px; outline: 0px; vertical-align: top;\">Trouver une assurance auto quand on est&nbsp;<strong style=\"box-sizing: border-box;\">&eacute;tudiant</strong>&nbsp;n\'est gu&egrave;re ais&eacute;. Cependant, il n\'est pas impossible de&nbsp;<strong style=\"box-sizing: border-box;\">trouver une assurance voiture &agrave; pas cher</strong>&nbsp;quand on &eacute;tudie encore ! Mais un &eacute;tudiant n\'est pas forc&eacute;ment un jeune conducteur. Une comparaison d\'assurance peut permettre &agrave; un &eacute;tudiant de trouver le meilleur forfait par rapport &agrave;&nbsp;<strong style=\"box-sizing: border-box;\">ses besoins et son budget</strong>.</p>\r\n</li>\r\n<li style=\"box-sizing: border-box; margin: 0px; padding: 0px; border: 0px; outline: 0px; vertical-align: top;\">\r\n<h3 style=\"box-sizing: border-box; font-family: inherit; line-height: 1.1; color: #138caa; margin: 15px 0px; font-size: 18px; padding: 0px; border: 0px; outline: 0px; vertical-align: top;\">Comment souscrire une assurance auto temporaire ?</h3>\r\n<p class=\"small\" style=\"box-sizing: border-box; margin: 0px; padding: 0px; border: 0px; outline: 0px; vertical-align: top;\"><strong style=\"box-sizing: border-box;\">L\'assurance auto temporaire</strong>&nbsp;permet de souscrire un contrat couvrant votre voiture pour une courte dur&eacute;e, g&eacute;n&eacute;ralement de 1 &agrave; 90 jours. Elle peut &ecirc;tre int&eacute;ressante dans le cas d\'un&nbsp;<strong style=\"box-sizing: border-box;\">v&eacute;hicule peu utilis&eacute;, de voyage</strong>&nbsp;ou encore de&nbsp;<strong style=\"box-sizing: border-box;\">suspension d\'un contrat d\'assurance</strong>&nbsp;v&eacute;hicule classique.<br style=\"box-sizing: border-box;\" /><br style=\"box-sizing: border-box;\" />Seul un conducteur disposant d\'un minimum d\'<strong style=\"box-sizing: border-box;\">exp&eacute;rience de conduite</strong>&nbsp;pourra souscrire une&nbsp;<strong style=\"box-sizing: border-box;\">assurance voiture temporaire</strong>. Il doit avoir 21 ans minimum et &ecirc;tre titulaire du permis depuis au moins 2 ans.</p>\r\n</li>\r\n<li style=\"box-sizing: border-box; margin: 0px; padding: 0px; border: 0px; outline: 0px; vertical-align: top;\">\r\n<h3 style=\"box-sizing: border-box; font-family: inherit; line-height: 1.1; color: #138caa; margin: 15px 0px; font-size: 18px; padding: 0px; border: 0px; outline: 0px; vertical-align: top;\">Quel d&eacute;lai de r&eacute;tractation pour un contrat d\'assurance en ligne ?</h3>\r\n<p class=\"small\" style=\"box-sizing: border-box; margin: 0px; padding: 0px; border: 0px; outline: 0px; vertical-align: top;\">&Agrave; la&nbsp;<strong style=\"box-sizing: border-box;\">signature d\'un contrat d\'assurance voiture</strong>, un signataire peut se&nbsp;<strong style=\"box-sizing: border-box;\">r&eacute;tracter</strong>&nbsp;dans un d&eacute;lai de 14 jours, si et seulement si le contrat ne prend effet que plus tard (par exemple dans 1 mois). Si le contrat prend effet imm&eacute;diatement ou dans les 7 jours suivant la signature,&nbsp;<strong style=\"box-sizing: border-box;\">la r&eacute;tractation est impossible</strong>.</p>\r\n</li>\r\n</ul>\r\n</section>\r\n<section style=\"box-sizing: border-box; color: #333333; font-family: \'Open Sans\', sans-serif; font-size: 16px;\">\r\n<h2 id=\"Prix\" style=\"box-sizing: border-box; font-family: inherit; font-weight: 500; line-height: 1.1em; color: #b50000; margin: -30px 0px 0px; font-size: 20px; padding: 70px 0px 0px; border: 0px; outline: 0px; vertical-align: top;\">Le prix d\'une assurance auto :</h2>\r\n<ul style=\"box-sizing: border-box; margin: 0px; padding: 0px; border: 0px; outline: 0px; vertical-align: top; list-style: none;\">\r\n<li style=\"box-sizing: border-box; margin: 0px; padding: 0px; border: 0px; outline: 0px; vertical-align: top;\">\r\n<h3 style=\"box-sizing: border-box; font-family: inherit; line-height: 1.1; color: #138caa; margin: 15px 0px; font-size: 18px; padding: 0px; border: 0px; outline: 0px; vertical-align: top;\">Quel tarif pour une assurance voiture ?</h3>\r\n<p class=\"small\" style=\"box-sizing: border-box; margin: 0px; padding: 0px; border: 0px; outline: 0px; vertical-align: top;\">Le&nbsp;<strong style=\"box-sizing: border-box;\">prix moyen d\'une assurance auto au tiers</strong>&nbsp;est d\'environ 450 euros par an et de 850 euros annuels pour une&nbsp;<strong style=\"box-sizing: border-box;\">assurance tous risques</strong>. Cependant, ce co&ucirc;t peut grandement varier en fonction du type de v&eacute;hicule, de son prix, du profil de l\'assur&eacute;, de son pass&eacute; en assurance voiture...</p>\r\n</li>\r\n<li style=\"box-sizing: border-box; margin: 0px; padding: 0px; border: 0px; outline: 0px; vertical-align: top;\">\r\n<h3 style=\"box-sizing: border-box; font-family: inherit; line-height: 1.1; color: #138caa; margin: 15px 0px; font-size: 18px; padding: 0px; border: 0px; outline: 0px; vertical-align: top;\">Trouver une assurance auto pas ch&egrave;re</h3>\r\n<p class=\"small\" style=\"box-sizing: border-box; margin: 0px; padding: 0px; border: 0px; outline: 0px; vertical-align: top;\">Pour trouver une assurance automobile en&nbsp;<strong style=\"box-sizing: border-box;\">r&eacute;alisant des &eacute;conomies</strong>, il faut&nbsp;<strong style=\"box-sizing: border-box;\">comparer les offres et contrats</strong>&nbsp;des diff&eacute;rents assureurs. Pour cela, Assurland.com vous recommande d\'utiliser son formulaire d\'assurance auto.</p>\r\n</li>\r\n<li style=\"box-sizing: border-box; margin: 0px; padding: 0px; border: 0px; outline: 0px; vertical-align: top;\">\r\n<h3 style=\"box-sizing: border-box; font-family: inherit; line-height: 1.1; color: #138caa; margin: 15px 0px; font-size: 18px; padding: 0px; border: 0px; outline: 0px; vertical-align: top;\">Qu\'est-ce que l\'assurance auto au kilom&egrave;tre ?</h3>\r\n<p class=\"small\" style=\"box-sizing: border-box; margin: 0px; padding: 0px; border: 0px; outline: 0px; vertical-align: top;\">Si vous&nbsp;<strong style=\"box-sizing: border-box;\">vous d&eacute;placez peu avec votre v&eacute;hicule</strong>, il peut &ecirc;tre&nbsp;<a style=\"box-sizing: border-box; background-color: transparent; color: #138caa; text-decoration-line: none; margin: 0px; padding: 0px; border: 0px; outline: 0px; vertical-align: top; cursor: pointer;\" href=\"https://www.assurland.com/assurance-blog/infos-pratiques-assurance/assurance-au-kilometre-roulez-moins-pour-payer-moins.html\">avantageux de souscrire une assurance auto au km</a>. Le montant de la cotisation annuelle d&eacute;pendra du nombre de kilom&egrave;tres r&eacute;ellement parcourus.<br style=\"box-sizing: border-box;\" /><br style=\"box-sizing: border-box;\" />En option alternative, il existe aussi le&nbsp;<strong style=\"box-sizing: border-box;\">forfait kilom&eacute;trique</strong>&nbsp;: vous vous engagez &agrave; ne pas d&eacute;passer un nombre de kilom&egrave;tres d&eacute;termin&eacute;s avec l\'assureur.</p>\r\n</li>\r\n<li style=\"box-sizing: border-box; margin: 0px; padding: 0px; border: 0px; outline: 0px; vertical-align: top;\">\r\n<h3 style=\"box-sizing: border-box; font-family: inherit; line-height: 1.1; color: #138caa; margin: 15px 0px; font-size: 18px; padding: 0px; border: 0px; outline: 0px; vertical-align: top;\">Comment assurer une flotte auto ?</h3>\r\n<p class=\"small\" style=\"box-sizing: border-box; margin: 0px; padding: 0px; border: 0px; outline: 0px; vertical-align: top;\">En assurance, on consid&egrave;re que vous poss&eacute;dez&nbsp;<strong style=\"box-sizing: border-box;\">une flotte &agrave; partir de quatre v&eacute;hicules</strong>. Ainsi, si vous &ecirc;tes un professionnel et que vous poss&eacute;dez quatre autos ou plus, vous pouvez vouloir les assurer sous un seul et m&ecirc;me contrat afin de simplifier la charge administrative et, &eacute;ventuellement, de r&eacute;aliser des &eacute;conomies.<br style=\"box-sizing: border-box;\" /><br style=\"box-sizing: border-box;\" />Pour ce faire, vous devrez donc souscrire une assurance professionnelle : l\'assurance flotte auto. Pour trouver le contrat correspondant &agrave; vos besoins, vous pouvez r&eacute;aliser&nbsp;<a style=\"box-sizing: border-box; background-color: transparent; color: #138caa; text-decoration-line: none; margin: 0px; padding: 0px; border: 0px; outline: 0px; vertical-align: top; cursor: pointer;\" href=\"https://www.assurlandpro.com/flotte-automobile.html?partnerlinkid=001HL40\" target=\"_blank\" rel=\"noopener\">une comparaison d\'assurances flotte auto</a>. Cela ne prendra que quelques minutes !</p>\r\n</li>\r\n</ul>\r\n</section>\r\n<section style=\"box-sizing: border-box; color: #333333; font-family: \'Open Sans\', sans-serif; font-size: 16px;\">\r\n<h2 id=\"Resiliation\" style=\"box-sizing: border-box; font-family: inherit; font-weight: 500; line-height: 1.1em; color: #b50000; margin: -30px 0px 0px; font-size: 20px; padding: 70px 0px 0px; border: 0px; outline: 0px; vertical-align: top;\">R&eacute;siliation assurance auto : la marche &agrave; suivre</h2>\r\n<ul style=\"box-sizing: border-box; margin: 0px; padding: 0px; border: 0px; outline: 0px; vertical-align: top; list-style: none;\">\r\n<li style=\"box-sizing: border-box; margin: 0px; padding: 0px; border: 0px; outline: 0px; vertical-align: top;\">\r\n<h3 style=\"box-sizing: border-box; font-family: inherit; line-height: 1.1; color: #138caa; margin: 15px 0px; font-size: 18px; padding: 0px; border: 0px; outline: 0px; vertical-align: top;\">Pourquoi r&eacute;silier son assurance auto ?</h3>\r\n<p class=\"small\" style=\"box-sizing: border-box; margin: 0px; padding: 0px; border: 0px; outline: 0px; vertical-align: top;\">Votre assurance auto est-elle&nbsp;<strong style=\"box-sizing: border-box;\">trop ch&egrave;re</strong>&nbsp;? Les&nbsp;<strong style=\"box-sizing: border-box;\">garanties</strong>&nbsp;ne vous conviennent plus ? N\'h&eacute;sitez pas &agrave;&nbsp;<strong style=\"box-sizing: border-box;\">r&eacute;silier votre contrat</strong>&nbsp;d\'assurance voiture !</p>\r\n</li>\r\n<li style=\"box-sizing: border-box; margin: 0px; padding: 0px; border: 0px; outline: 0px; vertical-align: top;\">\r\n<h3 style=\"box-sizing: border-box; font-family: inherit; line-height: 1.1; color: #138caa; margin: 15px 0px; font-size: 18px; padding: 0px; border: 0px; outline: 0px; vertical-align: top;\">Comment changer d\'assurance auto ?</h3>\r\n<p class=\"small\" style=\"box-sizing: border-box; margin: 0px; padding: 0px; border: 0px; outline: 0px; vertical-align: top;\">Il existe diff&eacute;rentes options si vous d&eacute;sirez changer d\'assurance auto.&nbsp;<strong style=\"box-sizing: border-box;\">Gr&acirc;ce &agrave; la loi Chatel et &agrave; la loi Hamon</strong>, il est devenu plus facile de&nbsp;<strong style=\"box-sizing: border-box;\">r&eacute;silier son contrat</strong>. Pour r&eacute;silier son contrat d\'assurance, il faut adresser un&nbsp;<strong style=\"box-sizing: border-box;\">courrier recommand&eacute; avec accus&eacute; de r&eacute;ception</strong>&nbsp;&agrave; votre compagnie d\'assurance au minimum 2 mois avant la&nbsp;<strong style=\"box-sizing: border-box;\">date d\'&eacute;ch&eacute;ance</strong>&nbsp;du contrat. Parfois, le&nbsp;<strong style=\"box-sizing: border-box;\">pr&eacute;avis</strong>&nbsp;peut &ecirc;tre plus court (1 mois).</p>\r\n</li>\r\n<li style=\"box-sizing: border-box; margin: 0px; padding: 0px; border: 0px; outline: 0px; vertical-align: top;\">\r\n<h3 style=\"box-sizing: border-box; font-family: inherit; line-height: 1.1; color: #138caa; margin: 15px 0px; font-size: 18px; padding: 0px; border: 0px; outline: 0px; vertical-align: top;\">Comment r&eacute;silier son contrat d\'assurance avec la Loi Chatel ?</h3>\r\n<p class=\"small\" style=\"box-sizing: border-box; margin: 0px; padding: 0px; border: 0px; outline: 0px; vertical-align: top;\">La&nbsp;<strong style=\"box-sizing: border-box;\">loi Chatel</strong>&nbsp;oblige les assureurs &agrave; envoyer aux assur&eacute;s l\'avis d\'&eacute;ch&eacute;ance de leur contrat au plus t&ocirc;t 3 mois et au plus tard 15 jours avant cette date. Ainsi, vous pouvez &eacute;viter la&nbsp;<strong style=\"box-sizing: border-box;\">reconduction automatique</strong>&nbsp;de votre contrat. Si votre assureur oublie de vous informer de l\'&eacute;ch&eacute;ance de votre assurance auto, vous &ecirc;tes en droit de le&nbsp;<strong style=\"box-sizing: border-box;\">r&eacute;silier &agrave; tout moment</strong>. De plus, si vous recevez votre avis d\'&eacute;ch&eacute;ance mais que ce d&eacute;lai n\'a pas &eacute;t&eacute; respect&eacute;, vous disposez d\'un nouveau d&eacute;lai de 20 jours pour demander la r&eacute;siliation du contrat.</p>\r\n</li>\r\n<li style=\"box-sizing: border-box; margin: 0px; padding: 0px; border: 0px; outline: 0px; vertical-align: top;\">\r\n<h3 style=\"box-sizing: border-box; font-family: inherit; line-height: 1.1; color: #138caa; margin: 15px 0px; font-size: 18px; padding: 0px; border: 0px; outline: 0px; vertical-align: top;\">Comment r&eacute;silier son contrat d\'assurance avec la Loi Hamon ?</h3>\r\n<p class=\"small\" style=\"box-sizing: border-box; margin: 0px; padding: 0px; border: 0px; outline: 0px; vertical-align: top;\">Gr&acirc;ce &agrave; la&nbsp;<strong style=\"box-sizing: border-box;\">loi Hamon</strong>, vous pouvez r&eacute;silier votre assurance auto &agrave; n\'importe quel moment apr&egrave;s&nbsp;<strong style=\"box-sizing: border-box;\">un an d\'engagement</strong>. De plus, le nouvel assureur prend en charge toutes les&nbsp;<strong style=\"box-sizing: border-box;\">formalit&eacute;s de r&eacute;siliation</strong>. Vous n\'avez donc aucune&nbsp;<strong style=\"box-sizing: border-box;\">d&eacute;marche suppl&eacute;mentaire</strong>&nbsp;&agrave; effectuer &agrave; partir du moment o&ugrave; vous avez sign&eacute; votre nouveau contrat.</p>\r\n</li>\r\n<li style=\"box-sizing: border-box; margin: 0px; padding: 0px; border: 0px; outline: 0px; vertical-align: top;\">\r\n<h3 style=\"box-sizing: border-box; font-family: inherit; line-height: 1.1; color: #138caa; margin: 15px 0px; font-size: 18px; padding: 0px; border: 0px; outline: 0px; vertical-align: top;\">Assurance voiture : quelle franchise choisir ?</h3>\r\n<p class=\"small\" style=\"box-sizing: border-box; margin: 0px; padding: 0px; border: 0px; outline: 0px; vertical-align: top;\">Il existe plusieurs types de&nbsp;<strong style=\"box-sizing: border-box;\">franchises</strong>. La&nbsp;<strong style=\"box-sizing: border-box;\">franchise simple</strong>&nbsp;indemnise int&eacute;gralement le&nbsp;<strong style=\"box-sizing: border-box;\">soci&eacute;taire</strong>&nbsp;si le montant des dommages d&eacute;passe le montant de la franchise stipul&eacute; dans le contrat. Avec la&nbsp;<strong style=\"box-sizing: border-box;\">franchise absolue</strong>&nbsp;(formule la plus r&eacute;pandue) le montant de l\'indemnisation r&eacute;sulte de la diff&eacute;rence entre le co&ucirc;t du sinistre et le&nbsp;<strong style=\"box-sizing: border-box;\">montant de la franchise</strong>.<br style=\"box-sizing: border-box;\" /><br style=\"box-sizing: border-box;\" />D\'autres types de franchises peuvent se cumuler avec l\'une des deux pr&eacute;c&eacute;dentes, comme la&nbsp;<strong style=\"box-sizing: border-box;\">franchise conduite exclusive</strong>&nbsp;(aussi appel&eacute;e pr&ecirc;t de volant) ou la&nbsp;<strong style=\"box-sizing: border-box;\">franchise jeune conducteur</strong>.</p>\r\n</li>\r\n<li style=\"box-sizing: border-box; margin: 0px; padding: 0px; border: 0px; outline: 0px; vertical-align: top;\">\r\n<h3 style=\"box-sizing: border-box; font-family: inherit; line-height: 1.1; color: #138caa; margin: 15px 0px; font-size: 18px; padding: 0px; border: 0px; outline: 0px; vertical-align: top;\">Un assureur peut-il r&eacute;silier votre assurance auto ?</h3>\r\n<p class=\"small\" style=\"box-sizing: border-box; margin: 0px; padding: 0px; border: 0px; outline: 0px; vertical-align: top;\">&Agrave; la&nbsp;<strong style=\"box-sizing: border-box;\">date d\'&eacute;ch&eacute;ance annuelle d\'un contrat</strong>, une compagnie d\'assurance peut choisir de&nbsp;<strong style=\"box-sizing: border-box;\">r&eacute;silier son client</strong>. Plusieurs causes sont possibles : nombre de sinistres trop important,&nbsp;<strong style=\"box-sizing: border-box;\">non-paiement des cotisations, fraude &agrave; l\'assurance</strong>, donn&eacute;es personnelles inexactes...</p>\r\n</li>\r\n<li style=\"box-sizing: border-box; margin: 0px; padding: 0px; border: 0px; outline: 0px; vertical-align: top;\">\r\n<h3 style=\"box-sizing: border-box; font-family: inherit; line-height: 1.1; color: #138caa; margin: 15px 0px; font-size: 18px; padding: 0px; border: 0px; outline: 0px; vertical-align: top;\">Comparez les contrats pour trouver la meilleure assurance pour votre v&eacute;hicule</h3>\r\n<p class=\"small\" style=\"box-sizing: border-box; margin: 0px; padding: 0px; border: 0px; outline: 0px; vertical-align: top;\">Gr&acirc;ce &agrave; la comparaison d\'assurance, vous pourrez trouver&nbsp;<strong style=\"box-sizing: border-box;\">la meilleure assurance auto</strong>&nbsp;en fonction de votre v&eacute;hicule et de votre profil d\'assur&eacute;. Avec ses multiples partenaires, Assurland.com s\'assure de vous fournir les meilleurs devis par rapport &agrave; vos besoins.<br style=\"box-sizing: border-box;\" /><br style=\"box-sizing: border-box;\" />&Agrave; savoir : il existe des formules d\'assurances sp&eacute;cifiquement d&eacute;di&eacute;es aux conducteurs r&eacute;sili&eacute;s.</p>\r\n</li>\r\n</ul>\r\n</section>', 'assurance-auto', 'La loi impose à tout automobiliste d\'être assuré au titre de ce que l\'on appelle communément la \"responsabilité civile\". Cette assurance auto garantit l\'indemnisation des dommages matériels et corporels qui pourraient être causés à des tiers par le conducteur de la voiture ou par ses passagers lors d\'un accident. Un contrat d\'assurance pour votre véhicule peut être limité à cette simple garantie ou inclure d\'autres garanties.', 'particuliers/October2020/6dJ2Cjpu6kpVxH1bYFJC.jpg', 'car');
INSERT INTO `particuliers` (`id`, `created_at`, `updated_at`, `deleted_at`, `titre`, `description`, `slug`, `resume`, `image`, `icone`) VALUES
(7, '2020-10-16 10:00:00', '2020-10-16 16:33:20', NULL, 'Assurance moto', '<ul style=\"box-sizing: border-box; margin: 0px; padding: 0px; border: 0px; outline: 0px; font-size: 16px; vertical-align: top; list-style: none; color: #333333; font-family: \'Open Sans\', sans-serif;\">\r\n<li style=\"box-sizing: border-box; margin: 0px; padding: 0px; border: 0px; outline: 0px; vertical-align: top;\">\r\n<h3 style=\"box-sizing: border-box; font-family: inherit; line-height: 1.1; color: #138caa; margin: 15px 0px; font-size: 18px; padding: 0px; border: 0px; outline: 0px; vertical-align: top;\">Qui est Amassur.com, le comparateur d\'assurances moto ?</h3>\r\n<p class=\"small\" style=\"box-sizing: border-box; margin: 0px; padding: 0px; border: 0px; outline: 0px; vertical-align: top;\">Amassur.com est le site d\'assurance le plus fr&eacute;quent&eacute; au Burkina Faso, avec plus de 4 millions de visiteurs mensuels. Inventeur du concept de comparaison d\'<strong style=\"box-sizing: border-box;\">assurances moto en ligne</strong>, Assurland.com interroge en quelques minutes son panel d\'offres regroupant les plus grandes marques fran&ccedil;aises. Il vous restitue ensuite les meilleures offres d\'assurance deux-roues adapt&eacute;es &agrave; votre profil tout en vous permettant de recevoir des informations par courrier ou par e-mail. Vous pouvez ensuite souscrire en ligne, par t&eacute;l&eacute;phone ou en agence, directement aupr&egrave;s de la compagnie d\'assurance qui vous convient le mieux.</p>\r\n</li>\r\n<li style=\"box-sizing: border-box; margin: 0px; padding: 0px; border: 0px; outline: 0px; vertical-align: top;\">\r\n<h3 style=\"box-sizing: border-box; font-family: inherit; line-height: 1.1; color: #138caa; margin: 15px 0px; font-size: 18px; padding: 0px; border: 0px; outline: 0px; vertical-align: top;\">Comparer les assurances motos en ligne : quels avantages ?</h3>\r\n<p class=\"small\" style=\"box-sizing: border-box; margin: 0px; padding: 0px; border: 0px; outline: 0px; vertical-align: top;\">Pouvoir effectuer une comparaison en ligne des diff&eacute;rentes offres d\'<strong style=\"box-sizing: border-box;\">assurance pour deux-roues</strong>&nbsp;vous permet de payer votre assurance moto moins cher. C\'est aussi un gain de temps. Gr&acirc;ce &agrave; un seul site, vous pouvez avoir une vision globale des diff&eacute;rentes offres du march&eacute;. Plus besoin de naviguer de site en site, toutes les informations sont regroup&eacute;es sur Assurland.com. Vous obtenez les diff&eacute;rents tarifs propos&eacute;s pour assurer une moto, ou autre deux-roues, et vous n\'avez plus qu\'&agrave; s&eacute;lectionner celui qui correspond le mieux &agrave; vos besoins et &agrave; votre budget.</p>\r\n</li>\r\n</ul>\r\n<p>&nbsp;</p>\r\n<section style=\"box-sizing: border-box; color: #333333; font-family: \'Open Sans\', sans-serif; font-size: 16px;\">\r\n<ul style=\"box-sizing: border-box; margin: 0px; padding: 0px; border: 0px; outline: 0px; vertical-align: top; list-style: none;\">\r\n<li style=\"box-sizing: border-box; margin: 0px; padding: 0px; border: 0px; outline: 0px; vertical-align: top;\">\r\n<h3 style=\"box-sizing: border-box; font-family: inherit; line-height: 1.1; color: #138caa; margin: 15px 0px; font-size: 18px; padding: 0px; border: 0px; outline: 0px; vertical-align: top;\">Comment remplir le formulaire moto sur Amassur.com ?</h3>\r\n<p class=\"small\" style=\"box-sizing: border-box; margin: 0px; padding: 0px; border: 0px; outline: 0px; vertical-align: top;\">Pour remplir le formulaire en ligne vous permettant de comparer les diff&eacute;rentes offres d\'assurance moto, vous aurez besoin :</p>\r\n<ul class=\"small\" style=\"box-sizing: border-box; margin: 0px; padding: 0px; border: 0px; outline: 0px; vertical-align: top; list-style: none;\">\r\n<li style=\"box-sizing: border-box; margin: 0px; padding: 0px; border: 0px; outline: 0px; vertical-align: top;\">- du&nbsp;<strong style=\"box-sizing: border-box;\">mois d\'&eacute;ch&eacute;ance de votre contrat</strong>&nbsp;actuel, si vous &ecirc;tes assur&eacute;. Si vous ne le connaissez pas, vous trouverez cette information sur votre contrat d\'assurance en cours ;</li>\r\n<li style=\"box-sizing: border-box; margin: 0px; padding: 0px; border: 0px; outline: 0px; vertical-align: top;\">- de la&nbsp;<strong style=\"box-sizing: border-box;\">date de votre permis de conduire moto</strong>&nbsp;(mois/ann&eacute;e). Si vous ne vous en rappelez plus, vous trouverez cette information sur votre permis de conduire moto. Et, si vous avez le permis de conduire auto, vous aurez aussi besoin de renseigner sa date d\'obtention ;</li>\r\n<li style=\"box-sizing: border-box; margin: 0px; padding: 0px; border: 0px; outline: 0px; vertical-align: top;\">- de la&nbsp;<strong style=\"box-sizing: border-box;\">date de mise en circulation de votre v&eacute;hicule</strong>&nbsp;(mois/ann&eacute;e), s\'il s\'agit d\'assurer un v&eacute;hicule qui est d&eacute;j&agrave; en circulation. Si vous ne vous en rappelez plus, vous trouverez cette information sur votre carte grise ;</li>\r\n<li style=\"box-sizing: border-box; margin: 0px; padding: 0px; border: 0px; outline: 0px; vertical-align: top;\">- de la&nbsp;<strong style=\"box-sizing: border-box;\">valeur de votre bonus/malus moto actuel</strong>, si vous avez d&eacute;j&agrave; &eacute;t&eacute; assur&eacute;(e). Si vous ne le connaissez pas, vous trouverez cette information sur votre dernier relev&eacute; d\'information envoy&eacute; par votre compagnie d\'assurance. Et, si vous avez le permis de conduire auto, vous aurez &eacute;galement besoin de renseigner la valeur de votre bonus/malus auto ;</li>\r\n<li style=\"box-sizing: border-box; margin: 0px; padding: 0px; border: 0px; outline: 0px; vertical-align: top;\">- de la&nbsp;<strong style=\"box-sizing: border-box;\">date du ou des sinistres</strong>&nbsp;(mois/ann&eacute;e) de moins de 3 ans (si vous en avez eu). Si vous ne vous en rappelez plus, vous trouverez cette information sur votre dernier relev&eacute; d\'information envoy&eacute; par votre compagnie d\'assurance ;</li>\r\n<li style=\"box-sizing: border-box; margin: 0px; padding: 0px; border: 0px; outline: 0px; vertical-align: top;\">- et enfin, de la date (mois/ann&eacute;e) et des&nbsp;<strong style=\"box-sizing: border-box;\">r&eacute;sultats du ou des contr&ocirc;les d\'alcool&eacute;mie</strong>&nbsp;de moins de 5 ans (si vous en avez eu). Si vous ne vous en rappelez plus, vous trouverez cette information sur le proc&egrave;s-verbal &eacute;tabli par les forces de l\'ordre.</li>\r\n</ul>\r\n<p style=\"box-sizing: border-box; margin: 0px; padding: 0px; border: 0px; outline: 0px; vertical-align: top;\">&nbsp;</p>\r\n</li>\r\n<li style=\"box-sizing: border-box; margin: 0px; padding: 0px; border: 0px; outline: 0px; vertical-align: top;\">\r\n<h3 style=\"box-sizing: border-box; font-family: inherit; line-height: 1.1; color: #138caa; margin: 15px 0px; font-size: 18px; padding: 0px; border: 0px; outline: 0px; vertical-align: top;\">Calcul d\'une prime d\'assurance moto : comment &ccedil;a marche ?</h3>\r\n<p class=\"small\" style=\"box-sizing: border-box; margin: 0px; padding: 0px; border: 0px; outline: 0px; vertical-align: top;\">Les prix affich&eacute;s sur Assurland.com, lors de la r&eacute;alisation d\'un devis moto, varient selon diff&eacute;rents crit&egrave;res utilis&eacute;s par les compagnies d\'assurance pour calculer le montant des primes.<br style=\"box-sizing: border-box;\" />Ces principaux crit&egrave;res qui entrent en compte lorsque l\'on souhaite assurer un deux-roues sont :</p>\r\n<ul class=\"small\" style=\"box-sizing: border-box; margin: 0px; padding: 0px; border: 0px; outline: 0px; vertical-align: top; list-style: none;\">\r\n<li style=\"box-sizing: border-box; margin: 0px; padding: 0px; border: 0px; outline: 0px; vertical-align: top;\">- le&nbsp;<strong style=\"box-sizing: border-box;\">type de v&eacute;hicule &agrave; assurer</strong>&nbsp;(moto sportive, moto &eacute;lectrique, moto de collection, scooter, quad, etc) ;</li>\r\n<li style=\"box-sizing: border-box; margin: 0px; padding: 0px; border: 0px; outline: 0px; vertical-align: top;\">- la&nbsp;<strong style=\"box-sizing: border-box;\">cylindr&eacute;e du v&eacute;hicule</strong>&nbsp;(50cc, 125cc, 250cc, ou plus) ;</li>\r\n<li style=\"box-sizing: border-box; margin: 0px; padding: 0px; border: 0px; outline: 0px; vertical-align: top;\">- et le&nbsp;<strong style=\"box-sizing: border-box;\">profil du motard</strong>&nbsp;(jeune conducteur, permis A ou A2, motard r&eacute;sili&eacute;, motard maluss&eacute;, etc).</li>\r\n</ul>\r\n<p style=\"box-sizing: border-box; margin: 0px; padding: 0px; border: 0px; outline: 0px; vertical-align: top;\">&nbsp;</p>\r\n</li>\r\n<li style=\"box-sizing: border-box; margin: 0px; padding: 0px; border: 0px; outline: 0px; vertical-align: top;\">\r\n<h3 style=\"box-sizing: border-box; font-family: inherit; line-height: 1.1; color: #138caa; margin: 15px 0px; font-size: 18px; padding: 0px; border: 0px; outline: 0px; vertical-align: top;\">Comment trouver une assurance moto moins ch&egrave;re ?</h3>\r\n<p class=\"small\" style=\"box-sizing: border-box; margin: 0px; padding: 0px; border: 0px; outline: 0px; vertical-align: top;\">Avec&nbsp;<strong style=\"box-sizing: border-box;\">Amassur.com</strong>, le comparateur d\'assurances moto, vous pouvez effectuer gratuitement un comparatif des assurances, des tarifs et garanties de nombreuses offres d\'assurance moto (AMV, APRIL Moto, Euro Assurance, MAAF, etc). Si l\'une des offres d\'assurance propos&eacute;es par&nbsp;<a style=\"box-sizing: border-box; background-color: transparent; color: #138caa; text-decoration-line: none; margin: 0px; padding: 0px; border: 0px; outline: 0px; vertical-align: top; cursor: pointer;\" href=\"https://www.assurland.com/comparateur-assurance.html\">notre comparateur d\'assurance vous int&eacute;resse</a>, vous pouvez obtenir gratuitement un devis d\'assurance moto en ligne. Vous pourrez ainsi faire des &eacute;conomies et payer moins cher votre assurance deux-roues. Pour cela, remplissez le&nbsp;<strong style=\"box-sizing: border-box;\">questionnaire en ligne</strong>. Cela ne vous prendra pas plus de 5 minutes ! Les propositions d\'assurance moto pr&eacute;sent&eacute;es correspondent au mieux &agrave; votre profil de motard, sous r&eacute;serve de l\'exactitude de vos d&eacute;clarations. Choisissez de recevoir autant de devis que vous le souhaitez pour faire le meilleur choix possible.<br style=\"box-sizing: border-box;\" /><br style=\"box-sizing: border-box;\" />Pour&nbsp;<strong style=\"box-sizing: border-box;\">payer moins cher votre assurance moto</strong>, il est important de savoir que, si vous utilisez peu votre deux-roues, ou seulement &agrave; une certaine p&eacute;riode de l\'ann&eacute;e,&nbsp;<a style=\"box-sizing: border-box; background-color: transparent; color: #138caa; text-decoration-line: none; margin: 0px; padding: 0px; border: 0px; outline: 0px; vertical-align: top; cursor: pointer;\" href=\"https://www.assurland.com/assurance-blog/assurance-moto-actualite/assurance-moto-au-kilometre-comment-ca-marche_117006.html\">souscrire une assurance au kilom&egrave;tre</a>, ou prendre une assurance saisonni&egrave;re vous aidera &agrave; baisser le prix de votre prime. Pour faire des &eacute;conomies, vous pouvez &eacute;galement :</p>\r\n<ul class=\"small\" style=\"box-sizing: border-box; margin: 0px; padding: 0px; border: 0px; outline: 0px; vertical-align: top; list-style: none;\">\r\n<li style=\"box-sizing: border-box; margin: 0px; padding: 0px; border: 0px; outline: 0px; vertical-align: top;\">- pr&eacute;f&eacute;rer une moto d\'occasion &agrave; une neuve ;</li>\r\n<li style=\"box-sizing: border-box; margin: 0px; padding: 0px; border: 0px; outline: 0px; vertical-align: top;\">- souscrire une assurance au tiers plut&ocirc;t que tout risque, surtout pour un deux-roues d\'occasion.</li>\r\n</ul>\r\n<p style=\"box-sizing: border-box; margin: 0px; padding: 0px; border: 0px; outline: 0px; vertical-align: top;\">&nbsp;</p>\r\n</li>\r\n</ul>\r\n</section>\r\n<section style=\"box-sizing: border-box; color: #333333; font-family: \'Open Sans\', sans-serif; font-size: 16px;\">\r\n<h2 id=\"Obligations\" style=\"box-sizing: border-box; font-family: inherit; font-weight: 500; line-height: 1.1em; color: #b50000; margin: -30px 0px 0px; font-size: 20px; padding: 70px 0px 0px; border: 0px; outline: 0px; vertical-align: top;\">Quelles sont les obligations concernant l\'assurance moto ?</h2>\r\n<ul style=\"box-sizing: border-box; margin: 0px; padding: 0px; border: 0px; outline: 0px; vertical-align: top; list-style: none;\">\r\n<li style=\"box-sizing: border-box; margin: 0px; padding: 0px; border: 0px; outline: 0px; vertical-align: top;\">\r\n<h3 style=\"box-sizing: border-box; font-family: inherit; line-height: 1.1; color: #138caa; margin: 15px 0px; font-size: 18px; padding: 0px; border: 0px; outline: 0px; vertical-align: top;\">Souscrire une assurance moto, c\'est obligatoire !</h3>\r\n<p class=\"small\" style=\"box-sizing: border-box; margin: 0px; padding: 0px; border: 0px; outline: 0px; vertical-align: top;\">Quel que soit le v&eacute;hicule que vous conduisez, c\'est-&agrave;-dire une moto, un cyclomoteur, un scooter ou encore un quad,&nbsp;<strong style=\"box-sizing: border-box;\">il est obligatoire de souscrire une assurance deux-roues</strong>, selon l\'article L211-1 du code des assurances. En effet, la loi impose &agrave; tout motard d\'&ecirc;tre assur&eacute; au titre de ce que l\'on appelle commun&eacute;ment la &laquo; responsabilit&eacute; civile &raquo;. Cette assurance moto garantit l\'indemnisation des dommages mat&eacute;riels et corporels qui pourraient &ecirc;tre caus&eacute;s &agrave; des tiers par le conducteur de la moto, ou par ses passagers, lors d\'un accident. Un contrat d\'assurance moto peut &ecirc;tre limit&eacute; &agrave; cette simple garantie, ou inclure d\'autres garanties.</p>\r\n</li>\r\n<li style=\"box-sizing: border-box; margin: 0px; padding: 0px; border: 0px; outline: 0px; vertical-align: top;\">\r\n<h3 style=\"box-sizing: border-box; font-family: inherit; line-height: 1.1; color: #138caa; margin: 15px 0px; font-size: 18px; padding: 0px; border: 0px; outline: 0px; vertical-align: top;\">Rouler sans assurance moto : quels sont les risques ?</h3>\r\n<p class=\"small\" style=\"box-sizing: border-box; margin: 0px; padding: 0px; border: 0px; outline: 0px; vertical-align: top;\">Que votre deux-roues reste la plupart de son temps dans un garage, qu\'il ne soit jamais utilis&eacute;, ou qu\'au contraire, il soit constamment sur la route, il doit &ecirc;tre assur&eacute;. En cas de&nbsp;<a style=\"box-sizing: border-box; background-color: transparent; color: #138caa; text-decoration-line: none; margin: 0px; padding: 0px; border: 0px; outline: 0px; vertical-align: top; cursor: pointer;\" href=\"https://www.assurland.com/assurance-blog/infos-pratiques-assurance/que-risque-t-on-a-rouler-sans-assurance-et-sans-permis.html\">d&eacute;faut d\'assurance moto</a>, les sanctions peuvent &ecirc;tre lourdes. Elles peuvent s\'&eacute;lever jusqu\'&agrave;&nbsp;<strong style=\"box-sizing: border-box;\">3 750 &euro; d\'amende</strong>, ou &agrave; une&nbsp;<strong style=\"box-sizing: border-box;\">suspension ou une annulation du permis moto</strong>&nbsp;(avec interdiction de le repasser durant 3 ans). Il peut &eacute;galement vous &ecirc;tre interdit de conduire certains v&eacute;hicules et votre moto peut vous &ecirc;tre confisqu&eacute;e. Enfin, vous pouvez &ecirc;tre condamn&eacute; &agrave; des&nbsp;<strong style=\"box-sizing: border-box;\">travaux d\'int&eacute;r&ecirc;t g&eacute;n&eacute;ral</strong>.</p>\r\n</li>\r\n</ul>\r\n</section>\r\n<section style=\"box-sizing: border-box; color: #333333; font-family: \'Open Sans\', sans-serif; font-size: 16px;\">\r\n<h2 id=\"Permis\" style=\"box-sizing: border-box; font-family: inherit; font-weight: 500; line-height: 1.1em; color: #b50000; margin: -30px 0px 0px; font-size: 20px; padding: 70px 0px 0px; border: 0px; outline: 0px; vertical-align: top;\">Quels sont les diff&eacute;rents permis moto ?</h2>\r\n<ul style=\"box-sizing: border-box; margin: 0px; padding: 0px; border: 0px; outline: 0px; vertical-align: top; list-style: none;\">\r\n<li style=\"box-sizing: border-box; margin: 0px; padding: 0px; border: 0px; outline: 0px; vertical-align: top;\">\r\n<h3 style=\"box-sizing: border-box; font-family: inherit; line-height: 1.1; color: #138caa; margin: 15px 0px; font-size: 18px; padding: 0px; border: 0px; outline: 0px; vertical-align: top;\">Le permis AM</h3>\r\n<p class=\"small\" style=\"box-sizing: border-box; margin: 0px; padding: 0px; border: 0px; outline: 0px; vertical-align: top;\">Il s\'agit du permis permettant de conduire des cyclomoteurs de moins de 50cc comme des mobylettes, des quads ou des scooters par exemple. Pilotable d&egrave;s l\'&acirc;ge de 14 ans, le permis n\'est pas obligatoire pour les personnes n&eacute;es avant 1988. Pour les autres, si elles ne poss&egrave;dent pas le permis B (permis voiture), une formation de 7 heures est n&eacute;cessaire pour obtenir le permis AM.</p>\r\n</li>\r\n<li style=\"box-sizing: border-box; margin: 0px; padding: 0px; border: 0px; outline: 0px; vertical-align: top;\">\r\n<h3 style=\"box-sizing: border-box; font-family: inherit; line-height: 1.1; color: #138caa; margin: 15px 0px; font-size: 18px; padding: 0px; border: 0px; outline: 0px; vertical-align: top;\">Le permis A1</h3>\r\n<p class=\"small\" style=\"box-sizing: border-box; margin: 0px; padding: 0px; border: 0px; outline: 0px; vertical-align: top;\">Il est possible de passer le permis A1 d&egrave;s l\'&acirc;ge de 16 ans afin de conduire des motocyclettes de moins de 125 cc. Pour les personnes poss&eacute;dant le permis B depuis au moins 2 ans, un stage de 7 heures suffit &agrave; obtenir ce permis A1.</p>\r\n</li>\r\n<li style=\"box-sizing: border-box; margin: 0px; padding: 0px; border: 0px; outline: 0px; vertical-align: top;\">\r\n<h3 style=\"box-sizing: border-box; font-family: inherit; line-height: 1.1; color: #138caa; margin: 15px 0px; font-size: 18px; padding: 0px; border: 0px; outline: 0px; vertical-align: top;\">Le permis A2</h3>\r\n<p class=\"small\" style=\"box-sizing: border-box; margin: 0px; padding: 0px; border: 0px; outline: 0px; vertical-align: top;\">C\'est gr&acirc;ce au permis A2 qu\'il est possible de conduire des motocyclettes de plus de 125 cc et de moins de 47,5 cv. Pour le passer, le candidat doit &ecirc;tre majeur.</p>\r\n</li>\r\n<li style=\"box-sizing: border-box; margin: 0px; padding: 0px; border: 0px; outline: 0px; vertical-align: top;\">\r\n<h3 style=\"box-sizing: border-box; font-family: inherit; line-height: 1.1; color: #138caa; margin: 15px 0px; font-size: 18px; padding: 0px; border: 0px; outline: 0px; vertical-align: top;\">Le permis A</h3>\r\n<p class=\"small\" style=\"box-sizing: border-box; margin: 0px; padding: 0px; border: 0px; outline: 0px; vertical-align: top;\">Le permis A permet de conduire toutes les motos qui existent. Pour l\'obtenir, pas besoin de passer d\'examen. Il suffit simplement d\'avoir 20 ans, d\'&ecirc;tre titulaire du permis A2 depuis au moins 2 ans, et de suivre une formation pratique de 7 heures en auto-&eacute;cole.</p>\r\n</li>\r\n</ul>\r\n<img class=\"b-lazy img-responsive\" style=\"box-sizing: border-box; border: 0px; vertical-align: top; margin: 35px auto auto; padding: 0px; outline: 0px; display: block; max-width: 100%; height: auto; transition: opacity 500ms ease-in-out 0s; opacity: 1;\" src=\"https://d1syos9fsbz8ei.cloudfront.net/Images/Form/moto-virage-route.jpg\" alt=\"moto-virage-route\" /></section>\r\n<section style=\"box-sizing: border-box; color: #333333; font-family: \'Open Sans\', sans-serif; font-size: 16px;\">\r\n<h2 id=\"Formules-et-garanties\" style=\"box-sizing: border-box; font-family: inherit; font-weight: 500; line-height: 1.1em; color: #b50000; margin: -30px 0px 0px; font-size: 20px; padding: 70px 0px 0px; border: 0px; outline: 0px; vertical-align: top;\">Les formules d\'assurance et garanties pour les motos</h2>\r\n<ul style=\"box-sizing: border-box; margin: 0px; padding: 0px; border: 0px; outline: 0px; vertical-align: top; list-style: none;\">\r\n<li style=\"box-sizing: border-box; margin: 0px; padding: 0px; border: 0px; outline: 0px; vertical-align: top;\">\r\n<h3 style=\"box-sizing: border-box; font-family: inherit; line-height: 1.1; color: #138caa; margin: 15px 0px; font-size: 18px; padding: 0px; border: 0px; outline: 0px; vertical-align: top;\">Les diff&eacute;rentes formules de base en assurance moto</h3>\r\n<p class=\"small\" style=\"box-sizing: border-box; margin: 0px; padding: 0px; border: 0px; outline: 0px; vertical-align: top;\">Comparer les diff&eacute;rentes offres d\'assurance moto, c\'est choisir l\'assurance la plus adapt&eacute;e &agrave; votre profil et votre conduite. Vous pourrez alors choisir entre la&nbsp;<strong style=\"box-sizing: border-box;\">formule d\'assurance au tiers</strong>, qui ne couvre que la responsabilit&eacute; civile, ou la&nbsp;<strong style=\"box-sizing: border-box;\">formule tous risques</strong>, qui est plus protectrice, mais &eacute;galement plus ch&egrave;re. Cette derni&egrave;re permet une indemnisation des dommages mat&eacute;riels en cas d\'accident responsable. L\'assurance moto tous risques inclut &eacute;galement une garantie vol, une garantie catastrophe naturelle ou bien encore une garantie incendie.<br style=\"box-sizing: border-box;\" /><br style=\"box-sizing: border-box;\" />Pour ce qui est des conducteurs occasionnels, il existe des&nbsp;<strong style=\"box-sizing: border-box;\">contrats moto au kilom&egrave;tre</strong>. La prime d\'assurance est alors calcul&eacute;e selon la distance parcourue.</p>\r\n</li>\r\n<li style=\"box-sizing: border-box; margin: 0px; padding: 0px; border: 0px; outline: 0px; vertical-align: top;\">\r\n<h3 style=\"box-sizing: border-box; font-family: inherit; line-height: 1.1; color: #138caa; margin: 15px 0px; font-size: 18px; padding: 0px; border: 0px; outline: 0px; vertical-align: top;\">Qu\'est-ce que l\'assurance au tiers ?</h3>\r\n<p class=\"small\" style=\"box-sizing: border-box; margin: 0px; padding: 0px; border: 0px; outline: 0px; vertical-align: top;\">L\'assurance moto au tiers est&nbsp;<strong style=\"box-sizing: border-box;\">l\'assurance minimale</strong>&nbsp;&agrave; laquelle il est obligatoire de souscrire pour parcourir les routes sur votre cylindr&eacute;e, m&ecirc;me si cette derni&egrave;re reste au garage. L\'assurance au tiers prend en charge la&nbsp;<strong style=\"box-sizing: border-box;\">responsabilit&eacute; civile</strong>&nbsp;(RC), c\'est-&agrave;-dire qu\'elle prend en charge, en cas d\'accident responsable, les dommages corporels et mat&eacute;riels caus&eacute;s &agrave; un tiers (un autre motard, votre passager, un pi&eacute;ton, un cycliste, etc). En revanche, en cas d\'accident responsable, la responsabilit&eacute; civile ne prend pas en charge vos frais m&eacute;dicaux, ni les r&eacute;parations de votre moto. C\'est la formule d\'assurance la moins ch&egrave;re mais, comme vous l\'aurez compris, en cas d\'accident responsable, tout sera &agrave; votre charge, except&eacute; les dommages caus&eacute;s &agrave; une tierce personne.</p>\r\n</li>\r\n<li style=\"box-sizing: border-box; margin: 0px; padding: 0px; border: 0px; outline: 0px; vertical-align: top;\">\r\n<h3 style=\"box-sizing: border-box; font-family: inherit; line-height: 1.1; color: #138caa; margin: 15px 0px; font-size: 18px; padding: 0px; border: 0px; outline: 0px; vertical-align: top;\">Qu\'est-ce que l\'assurance tous risques ?</h3>\r\n<p class=\"small\" style=\"box-sizing: border-box; margin: 0px; padding: 0px; border: 0px; outline: 0px; vertical-align: top;\">Contrairement &agrave; l\'assurance au tiers, m&ecirc;me en cas d\'accident responsable, la formule tous risques prend en charge les dommages mat&eacute;riels qui pourraient concerner votre deux-roues. Mais qui dit souscrire une&nbsp;<strong style=\"box-sizing: border-box;\">assurance tous risques</strong>, veut dire que votre prime annuelle sera forc&eacute;ment plus &eacute;lev&eacute;e. Cette formule d\'assurance est fortement recommand&eacute;e pour les jeunes conducteurs qui ont plus de risques d\'avoir un sinistre que des conducteurs exp&eacute;riment&eacute;s. Mais elle est &eacute;galement recommand&eacute;e pour les motards roulant sur une cylindr&eacute;e flambant neuve.</p>\r\n</li>\r\n<li style=\"box-sizing: border-box; margin: 0px; padding: 0px; border: 0px; outline: 0px; vertical-align: top;\">\r\n<h3 style=\"box-sizing: border-box; font-family: inherit; line-height: 1.1; color: #138caa; margin: 15px 0px; font-size: 18px; padding: 0px; border: 0px; outline: 0px; vertical-align: top;\">Qu\'est-ce que l\'assurance au kilom&egrave;tre ?</h3>\r\n<p class=\"small\" style=\"box-sizing: border-box; margin: 0px; padding: 0px; border: 0px; outline: 0px; vertical-align: top;\"><strong style=\"box-sizing: border-box;\">L\'assurance au kilom&egrave;tre</strong>&nbsp;peut s\'av&eacute;rer tr&egrave;s utile lorsque vous utilisez peu votre moto. A l\'inverse d\'une formule d\'assurance plus commune, vous payerez ici principalement selon la distance parcourue avec votre fid&egrave;le destrier &agrave; deux-roues. Deux possibilit&eacute;s s\'offrent &agrave; vous :</p>\r\n<ul class=\"small\" style=\"box-sizing: border-box; margin: 0px; padding: 0px; border: 0px; outline: 0px; vertical-align: top; list-style: none;\">\r\n<li style=\"box-sizing: border-box; margin: 0px; padding: 0px; border: 0px; outline: 0px; vertical-align: top;\">- souscrire un forfait kilom&eacute;trique : vous vous engagez ainsi &agrave; ne pas faire plus qu\'un certain nombre de kilom&egrave;tres d&eacute;finis aupr&egrave;s de votre assureur. Si vous le d&eacute;passez, attention &agrave; la facture !</li>\r\n<li style=\"box-sizing: border-box; margin: 0px; padding: 0px; border: 0px; outline: 0px; vertical-align: top;\">- le \"pay as you drive\" : l\'assureur d&eacute;fini un prix au kilom&egrave;tre, et selon les kilom&egrave;tres que vous effectuez, votre prime varie.</li>\r\n</ul>\r\n<p style=\"box-sizing: border-box; margin: 0px; padding: 0px; border: 0px; outline: 0px; vertical-align: top;\">&nbsp;</p>\r\n</li>\r\n<li style=\"box-sizing: border-box; margin: 0px; padding: 0px; border: 0px; outline: 0px; vertical-align: top;\">\r\n<h3 style=\"box-sizing: border-box; font-family: inherit; line-height: 1.1; color: #138caa; margin: 15px 0px; font-size: 18px; padding: 0px; border: 0px; outline: 0px; vertical-align: top;\">Qu\'est-ce que l\'assurance saisonni&egrave;re ?</h3>\r\n<p class=\"small\" style=\"box-sizing: border-box; margin: 0px; padding: 0px; border: 0px; outline: 0px; vertical-align: top;\">Les ours hibernent, et c\'est aussi souvent le cas des motos.&nbsp;<strong style=\"box-sizing: border-box;\">L\'assurance saisonni&egrave;re</strong>&nbsp;permet g&eacute;n&eacute;ralement que vous soyez pleinement couvert durant la p&eacute;riode ou vous utilisez le plus votre cylindr&eacute;e (printemps/&eacute;t&eacute;), et que les garanties soient suspendues quand vous n\'en avez plus l\'usage (automne/hiver). Prenez tout de m&ecirc;me le temps de calculer le nombre de kilom&egrave;tres que vous effectuez &agrave; l\'ann&eacute;e, car en dessous de 10 000 km, il peut &ecirc;tre plus judicieux de souscrire une assurance au kilom&egrave;tre plut&ocirc;t qu\'une&nbsp;<strong style=\"box-sizing: border-box;\">assurance saisonni&egrave;re pour votre moto</strong>.</p>\r\n</li>\r\n<li style=\"box-sizing: border-box; margin: 0px; padding: 0px; border: 0px; outline: 0px; vertical-align: top;\">\r\n<h3 style=\"box-sizing: border-box; font-family: inherit; line-height: 1.1; color: #138caa; margin: 15px 0px; font-size: 18px; padding: 0px; border: 0px; outline: 0px; vertical-align: top;\">Les garanties optionnelles pour votre cylindr&eacute;e</h3>\r\n<p class=\"small\" style=\"box-sizing: border-box; margin: 0px; padding: 0px; border: 0px; outline: 0px; vertical-align: top;\">Si une formule vous convient vous pouvez &eacute;galement souscrire des garanties facultatives et suppl&eacute;mentaires. Parmi celles-ci, vous trouverez notamment le&nbsp;<strong style=\"box-sizing: border-box;\">\"pr&ecirc;t de guidon\"</strong>&nbsp;(mais les assureurs qui la proposent sont rares), qui vous permet, comme son nom l\'indique, de pr&ecirc;ter votre moto ou votre scooter &agrave; une personne non d&eacute;sign&eacute;e au contrat. Il existe &eacute;galement&nbsp;<strong style=\"box-sizing: border-box;\">l\'assistance 0 km</strong>, qui vous permet d\'&ecirc;tre d&eacute;pann&eacute;, en cas de panne de votre deux-roues, en bas de chez vous.<br style=\"box-sizing: border-box;\" /><br style=\"box-sizing: border-box;\" />Il faut n&eacute;anmoins noter que, si vous choisissez des garanties optionnelles pour b&eacute;n&eacute;ficier d\'une couverture &eacute;tendue, votre prime d\'assurance peut augmenter. De tr&egrave;s nombreux facteurs influencent les tarifications que les compagnies d\'assurance offrent &agrave; leurs assur&eacute;s. En outre, chaque compagnie d\'assurance peut appr&eacute;cier un m&ecirc;me risque diff&eacute;remment.</p>\r\n</li>\r\n<li style=\"box-sizing: border-box; margin: 0px; padding: 0px; border: 0px; outline: 0px; vertical-align: top;\">\r\n<h3 style=\"box-sizing: border-box; font-family: inherit; line-height: 1.1; color: #138caa; margin: 15px 0px; font-size: 18px; padding: 0px; border: 0px; outline: 0px; vertical-align: top;\">Assurer les &eacute;quipements n&eacute;cessaires aux motards</h3>\r\n<p class=\"small\" style=\"box-sizing: border-box; margin: 0px; padding: 0px; border: 0px; outline: 0px; vertical-align: top;\">Tout comme souscrire une assurance moto, certains &eacute;quipements sont obligatoires et peuvent &ecirc;tre couverts par certaines garanties. &Agrave; moto, ou bien encore en scooter,&nbsp;<strong style=\"box-sizing: border-box;\">le port du casque et des gants est obligatoire</strong>. D\'autres accessoires, non-obligatoires, sont quant &agrave; eux fortement conseill&eacute;s. C\'est le cas pour les chaussures montantes, la combinaison de pluie, l\'antivol et le gilet Airbag par exemple. En souscrivant des couvertures additionnelles, vous pouvez ainsi vous &eacute;viter certains probl&egrave;mes. Il existe notamment une garantie contre la d&eacute;t&eacute;rioration des &eacute;quipements de protection, ou bien encore la garantie casque et accessoires hors-s&eacute;rie.</p>\r\n</li>\r\n</ul>\r\n</section>\r\n<p>&nbsp;</p>\r\n<section style=\"box-sizing: border-box; display: block; color: #333333; font-family: \'Open Sans\', sans-serif; font-size: 16px; font-style: normal; font-variant-ligatures: normal; font-variant-caps: normal; font-weight: 400; letter-spacing: normal; orphans: 2; text-align: start; text-indent: 0px; text-transform: none; white-space: normal; widows: 2; word-spacing: 0px; -webkit-text-stroke-width: 0px; background-color: #ffffff; text-decoration-style: initial; text-decoration-color: initial;\">\r\n<h2 id=\"Resiliation\" style=\"box-sizing: border-box; font-family: inherit; font-weight: 500; line-height: 1.1em; color: #b50000; margin: -30px 0px 0px; font-size: 20px; padding: 70px 0px 0px; border: 0px; outline: 0px; vertical-align: top; text-transform: none; letter-spacing: normal;\">Comment r&eacute;silier, changer, d\'assurance pour sa moto ?</h2>\r\n<ul style=\"box-sizing: border-box; margin: 0px; padding: 0px; border: 0px; outline: 0px; font-size: 16px; vertical-align: top; text-transform: none; letter-spacing: normal; list-style: none;\">\r\n<li style=\"box-sizing: border-box; margin: 0px; padding: 0px; border: 0px; outline: 0px; font-size: 16px; vertical-align: top; text-transform: none; letter-spacing: normal;\">\r\n<p class=\"small\" style=\"box-sizing: border-box; margin: 15px 0px 0px; padding: 0px; border: 0px; outline: 0px; font-size: 16px; vertical-align: top; text-transform: none; letter-spacing: normal;\">Il existe plusieurs raisons qui peuvent vous pousser &agrave;&nbsp;<a style=\"box-sizing: border-box; background-color: transparent; color: #138caa; text-decoration: none; margin: 0px; padding: 0px; border: 0px; outline: 0px; font-size: 16px; vertical-align: top; text-transform: none; letter-spacing: normal; cursor: pointer;\" href=\"https://www.assurland.com/assurance-blog/resiliation-de-contrat-assurance.html\">vouloir r&eacute;silier votre contrat d\'assurance</a>&nbsp;moto avant que ce dernier n\'arrive &agrave; son &eacute;ch&eacute;ance. Vous avez trouv&eacute; moins cher ailleurs ? Les garanties ne correspondent pas, ou plus, &agrave; vos besoins ? R&eacute;siliez sans plus attendre !</p>\r\n</li>\r\n<li style=\"box-sizing: border-box; margin: 0px; padding: 0px; border: 0px; outline: 0px; font-size: 16px; vertical-align: top; text-transform: none; letter-spacing: normal;\">\r\n<h3 style=\"box-sizing: border-box; font-family: inherit; font-weight: bold; line-height: 1.1; color: #138caa; margin: 15px 0px; font-size: 18px; padding: 0px; border: 0px; outline: 0px; vertical-align: top; text-transform: none; letter-spacing: normal;\">Changer d\'assurance moto facilement gr&acirc;ce &agrave; la loi Hamon</h3>\r\n<p class=\"small\" style=\"box-sizing: border-box; margin: 0px; padding: 0px; border: 0px; outline: 0px; font-size: 16px; vertical-align: top; text-transform: none; letter-spacing: normal;\">Avec la&nbsp;<strong style=\"box-sizing: border-box; font-weight: bold;\">Loi Hamon</strong>, un assur&eacute; peut r&eacute;silier son contrat d\'assurance moto apr&egrave;s un an d\'engagement. C\'est simple et sans frais. Pour changer d\'assurance, vous n\'avez qu\'&agrave; comparer les diff&eacute;rentes offres sur notre comparateur en ligne et s&eacute;lectionner une couverture. Votre nouvelle compagnie d\'assurance s\'occupe du reste en effectuant les diff&eacute;rentes d&eacute;marches de r&eacute;siliation du pr&eacute;c&eacute;dent contrat. L\'utilisation d\'un comparateur d\'assurances deux-roues vous permet d&egrave;s lors de faire des &eacute;conomies en un rien de temps.</p>\r\n</li>\r\n<li style=\"box-sizing: border-box; margin: 0px; padding: 0px; border: 0px; outline: 0px; font-size: 16px; vertical-align: top; text-transform: none; letter-spacing: normal;\">\r\n<h3 style=\"box-sizing: border-box; font-family: inherit; font-weight: bold; line-height: 1.1; color: #138caa; margin: 15px 0px; font-size: 18px; padding: 0px; border: 0px; outline: 0px; vertical-align: top; text-transform: none; letter-spacing: normal;\">R&eacute;silier son contrat d\'assurance deux-roues avec la loi Chatel</h3>\r\n<p class=\"small\" style=\"box-sizing: border-box; margin: 0px; padding: 0px; border: 0px; outline: 0px; font-size: 16px; vertical-align: top; text-transform: none; letter-spacing: normal;\">Avec la&nbsp;<strong style=\"box-sizing: border-box; font-weight: bold;\">Loi Chatel</strong>, les assureurs sont oblig&eacute;s d\'envoyer l\'avis d\'&eacute;ch&eacute;ance et de vous informer de la possibilit&eacute; de r&eacute;silier votre contrat au moins 15 jours avant la date limite de r&eacute;siliation. Cela vous permet d\'&eacute;viter la tacite reconduction de votre contrat. Mais si votre assureur ne vous informe pas que votre contrat moto arrive &agrave; &eacute;ch&eacute;ance, vous &ecirc;tes en droit de le r&eacute;silier &agrave; tout moment. De plus, si vous recevez votre avis d\'&eacute;ch&eacute;ance, mais que le d&eacute;lai d&eacute;fini par la loi n\'a pas &eacute;t&eacute; respect&eacute;, vous disposez d\'un nouveau d&eacute;lai de 20 jours pour demander la r&eacute;siliation du contrat.</p>\r\n</li>\r\n<li style=\"box-sizing: border-box; margin: 0px; padding: 0px; border: 0px; outline: 0px; font-size: 16px; vertical-align: top; text-transform: none; letter-spacing: normal;\">\r\n<h3 style=\"box-sizing: border-box; font-family: inherit; font-weight: bold; line-height: 1.1; color: #138caa; margin: 15px 0px; font-size: 18px; padding: 0px; border: 0px; outline: 0px; vertical-align: top; text-transform: none; letter-spacing: normal;\">Un assureur peut-il r&eacute;silier votre assurance moto ?</h3>\r\n<p class=\"small\" style=\"box-sizing: border-box; margin: 0px; padding: 0px; border: 0px; outline: 0px; font-size: 16px; vertical-align: top; text-transform: none; letter-spacing: normal;\"><strong style=\"box-sizing: border-box; font-weight: bold;\">Un assureur a le droit de r&eacute;silier votre contrat d\'assurance deux-roues</strong>, sans se justifier, seulement lorsque ce dernier arrive &agrave; son &eacute;ch&eacute;ance. Il doit cependant respecter un d&eacute;lai l&eacute;gal de pr&eacute;avis, vous permettant ainsi de chercher une autre assurance pour votre moto. Si votre assureur venait &agrave; r&eacute;silier votre contrat hors &eacute;ch&eacute;ance, il devra alors se justifier. Les raisons pour lesquelles cela pourrait arriver sont :</p>\r\n<ul class=\"small\" style=\"box-sizing: border-box; margin: 0px; padding: 0px; border: 0px; outline: 0px; font-size: 16px; vertical-align: top; text-transform: none; letter-spacing: normal; list-style: none;\">\r\n<li style=\"box-sizing: border-box; margin: 0px; padding: 0px; border: 0px; outline: 0px; font-size: 16px; vertical-align: top; text-transform: none; letter-spacing: normal;\">- vous n\'avez pas pay&eacute; votre prime d\'assurance (vous avez un d&eacute;lai de 30 jours pour r&eacute;gulariser votre situation, sinon la r&eacute;siliation prendra effet 10 jours apr&egrave;s ce d&eacute;lai termin&eacute;) ;</li>\r\n<li style=\"box-sizing: border-box; margin: 0px; padding: 0px; border: 0px; outline: 0px; font-size: 16px; vertical-align: top; text-transform: none; letter-spacing: normal;\">- vous avez effectu&eacute; une fausse d&eacute;claration (vous recevrez un courrier de r&eacute;siliation avec accus&eacute; r&eacute;ception et cette derni&egrave;re se fera 10 jours apr&egrave;s la r&eacute;ception de la lettre) ;</li>\r\n<li style=\"box-sizing: border-box; margin: 0px; padding: 0px; border: 0px; outline: 0px; font-size: 16px; vertical-align: top; text-transform: none; letter-spacing: normal;\">- vous avez eu un sinistre car vous conduisiez sous l\'emprise de l\'alcool ou de la drogue par exemple.</li>\r\n</ul>\r\n<p style=\"box-sizing: border-box; margin: 0px; padding: 0px; border: 0px; outline: 0px; font-size: 16px; vertical-align: top; text-transform: none; letter-spacing: normal;\">&nbsp;</p>\r\n</li>\r\n<li style=\"box-sizing: border-box; margin: 0px; padding: 0px; border: 0px; outline: 0px; font-size: 16px; vertical-align: top; text-transform: none; letter-spacing: normal;\">\r\n<h3 style=\"box-sizing: border-box; font-family: inherit; font-weight: bold; line-height: 1.1; color: #138caa; margin: 15px 0px; font-size: 18px; padding: 0px; border: 0px; outline: 0px; vertical-align: top; text-transform: none; letter-spacing: normal;\">R&eacute;sili&eacute; par son assureur : trouver une nouvelle assurance moto</h3>\r\n<p class=\"small\" style=\"box-sizing: border-box; margin: 0px; padding: 0px; border: 0px; outline: 0px; font-size: 16px; vertical-align: top; text-transform: none; letter-spacing: normal;\">Si votre assureur d&eacute;cide de mettre fin pr&eacute;matur&eacute;ment &agrave; votre assurance moto ou scooter, ne paniquez pas.&nbsp;<strong style=\"box-sizing: border-box; font-weight: bold;\">Des solutions existent</strong>&nbsp;et notre comparateur peut vous permettre de trouver des offres adapt&eacute;es &agrave; votre profil. En effet, il existe des compagnies d\'assurance qui proposent des contrats sp&eacute;cifiques pour les motards ayant &eacute;t&eacute; r&eacute;sili&eacute;s par leur ancien assureur.</p>\r\n</li>\r\n</ul>\r\n</section>', 'assurance-moto', 'Pouvoir effectuer une comparaison en ligne des différentes offres d\'assurance pour deux-roues vous permet de payer votre assurance moto moins cher. C\'est aussi un gain de temps. Grâce à un seul site, vous pouvez avoir une vision globale des différentes offres du marché. Plus besoin de naviguer de site en site, toutes les informations sont regroupées sur Assurland.com. Vous obtenez les différents tarifs proposés pour assurer une moto, ou autre deux-roues, et vous n\'avez plus qu\'à sélectionner celui qui correspond le mieux à vos besoins et à votre budget.', 'particuliers/October2020/2CNQqaVYQYckKGx7cGnM.jpg', 'motorcycle');

-- --------------------------------------------------------

--
-- Table structure for table `password_resets`
--

DROP TABLE IF EXISTS `password_resets`;
CREATE TABLE IF NOT EXISTS `password_resets` (
  `email` varchar(255) COLLATE utf8mb4_unicode_ci NOT NULL,
  `token` varchar(255) COLLATE utf8mb4_unicode_ci NOT NULL,
  `created_at` timestamp NULL DEFAULT NULL,
  KEY `password_resets_email_index` (`email`)
) ENGINE=InnoDB DEFAULT CHARSET=utf8mb4 COLLATE=utf8mb4_unicode_ci;

-- --------------------------------------------------------

--
-- Table structure for table `permissions`
--

DROP TABLE IF EXISTS `permissions`;
CREATE TABLE IF NOT EXISTS `permissions` (
  `id` bigint(20) UNSIGNED NOT NULL AUTO_INCREMENT,
  `key` varchar(255) COLLATE utf8mb4_unicode_ci NOT NULL,
  `table_name` varchar(255) COLLATE utf8mb4_unicode_ci DEFAULT NULL,
  `created_at` timestamp NULL DEFAULT NULL,
  `updated_at` timestamp NULL DEFAULT NULL,
  PRIMARY KEY (`id`),
  KEY `permissions_key_index` (`key`)
) ENGINE=InnoDB AUTO_INCREMENT=87 DEFAULT CHARSET=utf8mb4 COLLATE=utf8mb4_unicode_ci;

--
-- Dumping data for table `permissions`
--

INSERT INTO `permissions` (`id`, `key`, `table_name`, `created_at`, `updated_at`) VALUES
(1, 'browse_admin', NULL, '2020-10-13 13:21:26', '2020-10-13 13:21:26'),
(2, 'browse_bread', NULL, '2020-10-13 13:21:26', '2020-10-13 13:21:26'),
(3, 'browse_database', NULL, '2020-10-13 13:21:26', '2020-10-13 13:21:26'),
(4, 'browse_media', NULL, '2020-10-13 13:21:26', '2020-10-13 13:21:26'),
(5, 'browse_compass', NULL, '2020-10-13 13:21:27', '2020-10-13 13:21:27'),
(6, 'browse_menus', 'menus', '2020-10-13 13:21:27', '2020-10-13 13:21:27'),
(7, 'read_menus', 'menus', '2020-10-13 13:21:27', '2020-10-13 13:21:27'),
(8, 'edit_menus', 'menus', '2020-10-13 13:21:27', '2020-10-13 13:21:27'),
(9, 'add_menus', 'menus', '2020-10-13 13:21:27', '2020-10-13 13:21:27'),
(10, 'delete_menus', 'menus', '2020-10-13 13:21:27', '2020-10-13 13:21:27'),
(11, 'browse_roles', 'roles', '2020-10-13 13:21:27', '2020-10-13 13:21:27'),
(12, 'read_roles', 'roles', '2020-10-13 13:21:28', '2020-10-13 13:21:28'),
(13, 'edit_roles', 'roles', '2020-10-13 13:21:28', '2020-10-13 13:21:28'),
(14, 'add_roles', 'roles', '2020-10-13 13:21:28', '2020-10-13 13:21:28'),
(15, 'delete_roles', 'roles', '2020-10-13 13:21:28', '2020-10-13 13:21:28'),
(16, 'browse_users', 'users', '2020-10-13 13:21:28', '2020-10-13 13:21:28'),
(17, 'read_users', 'users', '2020-10-13 13:21:29', '2020-10-13 13:21:29'),
(18, 'edit_users', 'users', '2020-10-13 13:21:29', '2020-10-13 13:21:29'),
(19, 'add_users', 'users', '2020-10-13 13:21:29', '2020-10-13 13:21:29'),
(20, 'delete_users', 'users', '2020-10-13 13:21:29', '2020-10-13 13:21:29'),
(21, 'browse_settings', 'settings', '2020-10-13 13:21:29', '2020-10-13 13:21:29'),
(22, 'read_settings', 'settings', '2020-10-13 13:21:29', '2020-10-13 13:21:29'),
(23, 'edit_settings', 'settings', '2020-10-13 13:21:30', '2020-10-13 13:21:30'),
(24, 'add_settings', 'settings', '2020-10-13 13:21:30', '2020-10-13 13:21:30'),
(25, 'delete_settings', 'settings', '2020-10-13 13:21:30', '2020-10-13 13:21:30'),
(26, 'browse_categories', 'categories', '2020-10-13 13:21:50', '2020-10-13 13:21:50'),
(27, 'read_categories', 'categories', '2020-10-13 13:21:51', '2020-10-13 13:21:51'),
(28, 'edit_categories', 'categories', '2020-10-13 13:21:51', '2020-10-13 13:21:51'),
(29, 'add_categories', 'categories', '2020-10-13 13:21:51', '2020-10-13 13:21:51'),
(30, 'delete_categories', 'categories', '2020-10-13 13:21:51', '2020-10-13 13:21:51'),
(31, 'browse_posts', 'posts', '2020-10-13 13:21:55', '2020-10-13 13:21:55'),
(32, 'read_posts', 'posts', '2020-10-13 13:21:55', '2020-10-13 13:21:55'),
(33, 'edit_posts', 'posts', '2020-10-13 13:21:55', '2020-10-13 13:21:55'),
(34, 'add_posts', 'posts', '2020-10-13 13:21:56', '2020-10-13 13:21:56'),
(35, 'delete_posts', 'posts', '2020-10-13 13:21:56', '2020-10-13 13:21:56'),
(36, 'browse_pages', 'pages', '2020-10-13 13:21:59', '2020-10-13 13:21:59'),
(37, 'read_pages', 'pages', '2020-10-13 13:21:59', '2020-10-13 13:21:59'),
(38, 'edit_pages', 'pages', '2020-10-13 13:22:00', '2020-10-13 13:22:00'),
(39, 'add_pages', 'pages', '2020-10-13 13:22:00', '2020-10-13 13:22:00'),
(40, 'delete_pages', 'pages', '2020-10-13 13:22:00', '2020-10-13 13:22:00'),
(41, 'browse_hooks', NULL, '2020-10-13 13:22:08', '2020-10-13 13:22:08'),
(47, 'browse_articles', 'articles', '2020-10-13 13:52:51', '2020-10-13 13:52:51'),
(48, 'read_articles', 'articles', '2020-10-13 13:52:51', '2020-10-13 13:52:51'),
(49, 'edit_articles', 'articles', '2020-10-13 13:52:51', '2020-10-13 13:52:51'),
(50, 'add_articles', 'articles', '2020-10-13 13:52:51', '2020-10-13 13:52:51'),
(51, 'delete_articles', 'articles', '2020-10-13 13:52:51', '2020-10-13 13:52:51'),
(52, 'browse_particuliers', 'particuliers', '2020-10-13 16:32:18', '2020-10-13 16:32:18'),
(53, 'read_particuliers', 'particuliers', '2020-10-13 16:32:18', '2020-10-13 16:32:18'),
(54, 'edit_particuliers', 'particuliers', '2020-10-13 16:32:18', '2020-10-13 16:32:18'),
(55, 'add_particuliers', 'particuliers', '2020-10-13 16:32:18', '2020-10-13 16:32:18'),
(56, 'delete_particuliers', 'particuliers', '2020-10-13 16:32:18', '2020-10-13 16:32:18'),
(57, 'browse_partenaires', 'partenaires', '2020-10-13 16:33:24', '2020-10-13 16:33:24'),
(58, 'read_partenaires', 'partenaires', '2020-10-13 16:33:24', '2020-10-13 16:33:24'),
(59, 'edit_partenaires', 'partenaires', '2020-10-13 16:33:24', '2020-10-13 16:33:24'),
(60, 'add_partenaires', 'partenaires', '2020-10-13 16:33:24', '2020-10-13 16:33:24'),
(61, 'delete_partenaires', 'partenaires', '2020-10-13 16:33:24', '2020-10-13 16:33:24'),
(62, 'browse_professionnels', 'professionnels', '2020-10-13 16:34:23', '2020-10-13 16:34:23'),
(63, 'read_professionnels', 'professionnels', '2020-10-13 16:34:23', '2020-10-13 16:34:23'),
(64, 'edit_professionnels', 'professionnels', '2020-10-13 16:34:23', '2020-10-13 16:34:23'),
(65, 'add_professionnels', 'professionnels', '2020-10-13 16:34:23', '2020-10-13 16:34:23'),
(66, 'delete_professionnels', 'professionnels', '2020-10-13 16:34:23', '2020-10-13 16:34:23'),
(72, 'browse_categoriearticles', 'categoriearticles', '2020-10-15 11:55:01', '2020-10-15 11:55:01'),
(73, 'read_categoriearticles', 'categoriearticles', '2020-10-15 11:55:01', '2020-10-15 11:55:01'),
(74, 'edit_categoriearticles', 'categoriearticles', '2020-10-15 11:55:01', '2020-10-15 11:55:01'),
(75, 'add_categoriearticles', 'categoriearticles', '2020-10-15 11:55:01', '2020-10-15 11:55:01'),
(76, 'delete_categoriearticles', 'categoriearticles', '2020-10-15 11:55:01', '2020-10-15 11:55:01'),
(77, 'browse_categorie_articles', 'categorie_articles', '2020-10-15 11:59:41', '2020-10-15 11:59:41'),
(78, 'read_categorie_articles', 'categorie_articles', '2020-10-15 11:59:41', '2020-10-15 11:59:41'),
(79, 'edit_categorie_articles', 'categorie_articles', '2020-10-15 11:59:41', '2020-10-15 11:59:41'),
(80, 'add_categorie_articles', 'categorie_articles', '2020-10-15 11:59:41', '2020-10-15 11:59:41'),
(81, 'delete_categorie_articles', 'categorie_articles', '2020-10-15 11:59:41', '2020-10-15 11:59:41'),
(82, 'browse_type_assurances', 'type_assurances', '2020-10-15 12:20:24', '2020-10-15 12:20:24'),
(83, 'read_type_assurances', 'type_assurances', '2020-10-15 12:20:24', '2020-10-15 12:20:24'),
(84, 'edit_type_assurances', 'type_assurances', '2020-10-15 12:20:24', '2020-10-15 12:20:24'),
(85, 'add_type_assurances', 'type_assurances', '2020-10-15 12:20:24', '2020-10-15 12:20:24'),
(86, 'delete_type_assurances', 'type_assurances', '2020-10-15 12:20:24', '2020-10-15 12:20:24');

-- --------------------------------------------------------

--
-- Table structure for table `permission_role`
--

DROP TABLE IF EXISTS `permission_role`;
CREATE TABLE IF NOT EXISTS `permission_role` (
  `permission_id` bigint(20) UNSIGNED NOT NULL,
  `role_id` bigint(20) UNSIGNED NOT NULL,
  PRIMARY KEY (`permission_id`,`role_id`),
  KEY `permission_role_permission_id_index` (`permission_id`),
  KEY `permission_role_role_id_index` (`role_id`)
) ENGINE=InnoDB DEFAULT CHARSET=utf8mb4 COLLATE=utf8mb4_unicode_ci;

--
-- Dumping data for table `permission_role`
--

INSERT INTO `permission_role` (`permission_id`, `role_id`) VALUES
(1, 1),
(2, 1),
(3, 1),
(4, 1),
(5, 1),
(6, 1),
(7, 1),
(8, 1),
(9, 1),
(10, 1),
(11, 1),
(12, 1),
(13, 1),
(14, 1),
(15, 1),
(16, 1),
(17, 1),
(18, 1),
(19, 1),
(20, 1),
(21, 1),
(22, 1),
(23, 1),
(24, 1),
(25, 1),
(26, 1),
(27, 1),
(28, 1),
(29, 1),
(30, 1),
(31, 1),
(32, 1),
(33, 1),
(34, 1),
(35, 1),
(36, 1),
(37, 1),
(38, 1),
(39, 1),
(40, 1),
(47, 1),
(48, 1),
(49, 1),
(50, 1),
(51, 1),
(52, 1),
(53, 1),
(54, 1),
(55, 1),
(56, 1),
(57, 1),
(58, 1),
(59, 1),
(60, 1),
(61, 1),
(62, 1),
(63, 1),
(64, 1),
(65, 1),
(66, 1),
(72, 1),
(73, 1),
(74, 1),
(75, 1),
(76, 1),
(77, 1),
(78, 1),
(79, 1),
(80, 1),
(81, 1),
(82, 1),
(83, 1),
(84, 1),
(85, 1),
(86, 1);

-- --------------------------------------------------------

--
-- Table structure for table `posts`
--

DROP TABLE IF EXISTS `posts`;
CREATE TABLE IF NOT EXISTS `posts` (
  `id` int(10) UNSIGNED NOT NULL AUTO_INCREMENT,
  `author_id` int(11) NOT NULL,
  `category_id` int(11) DEFAULT NULL,
  `title` varchar(255) COLLATE utf8mb4_unicode_ci NOT NULL,
  `seo_title` varchar(255) COLLATE utf8mb4_unicode_ci DEFAULT NULL,
  `excerpt` text COLLATE utf8mb4_unicode_ci,
  `body` text COLLATE utf8mb4_unicode_ci NOT NULL,
  `image` varchar(255) COLLATE utf8mb4_unicode_ci DEFAULT NULL,
  `slug` varchar(255) COLLATE utf8mb4_unicode_ci NOT NULL,
  `meta_description` text COLLATE utf8mb4_unicode_ci,
  `meta_keywords` text COLLATE utf8mb4_unicode_ci,
  `status` enum('PUBLISHED','DRAFT','PENDING') COLLATE utf8mb4_unicode_ci NOT NULL DEFAULT 'DRAFT',
  `featured` tinyint(1) NOT NULL DEFAULT '0',
  `created_at` timestamp NULL DEFAULT NULL,
  `updated_at` timestamp NULL DEFAULT NULL,
  PRIMARY KEY (`id`),
  UNIQUE KEY `posts_slug_unique` (`slug`)
) ENGINE=InnoDB AUTO_INCREMENT=5 DEFAULT CHARSET=utf8mb4 COLLATE=utf8mb4_unicode_ci;

--
-- Dumping data for table `posts`
--

INSERT INTO `posts` (`id`, `author_id`, `category_id`, `title`, `seo_title`, `excerpt`, `body`, `image`, `slug`, `meta_description`, `meta_keywords`, `status`, `featured`, `created_at`, `updated_at`) VALUES
(1, 0, NULL, 'Lorem Ipsum Post', NULL, 'This is the excerpt for the Lorem Ipsum Post', '<p>This is the body of the lorem ipsum post</p>', 'posts/post1.jpg', 'lorem-ipsum-post', 'This is the meta description', 'keyword1, keyword2, keyword3', 'PUBLISHED', 0, '2020-10-13 13:21:56', '2020-10-13 13:21:56'),
(2, 0, NULL, 'My Sample Post', NULL, 'This is the excerpt for the sample Post', '<p>This is the body for the sample post, which includes the body.</p>\n                <h2>We can use all kinds of format!</h2>\n                <p>And include a bunch of other stuff.</p>', 'posts/post2.jpg', 'my-sample-post', 'Meta Description for sample post', 'keyword1, keyword2, keyword3', 'PUBLISHED', 0, '2020-10-13 13:21:56', '2020-10-13 13:21:56'),
(3, 0, NULL, 'Latest Post', NULL, 'This is the excerpt for the latest post', '<p>This is the body for the latest post</p>', 'posts/post3.jpg', 'latest-post', 'This is the meta description', 'keyword1, keyword2, keyword3', 'PUBLISHED', 0, '2020-10-13 13:21:56', '2020-10-13 13:21:56'),
(4, 0, NULL, 'Yarr Post', NULL, 'Reef sails nipperkin bring a spring upon her cable coffer jury mast spike marooned Pieces of Eight poop deck pillage. Clipper driver coxswain galleon hempen halter come about pressgang gangplank boatswain swing the lead. Nipperkin yard skysail swab lanyard Blimey bilge water ho quarter Buccaneer.', '<p>Swab deadlights Buccaneer fire ship square-rigged dance the hempen jig weigh anchor cackle fruit grog furl. Crack Jennys tea cup chase guns pressgang hearties spirits hogshead Gold Road six pounders fathom measured fer yer chains. Main sheet provost come about trysail barkadeer crimp scuttle mizzenmast brig plunder.</p>\n<p>Mizzen league keelhaul galleon tender cog chase Barbary Coast doubloon crack Jennys tea cup. Blow the man down lugsail fire ship pinnace cackle fruit line warp Admiral of the Black strike colors doubloon. Tackle Jack Ketch come about crimp rum draft scuppers run a shot across the bow haul wind maroon.</p>\n<p>Interloper heave down list driver pressgang holystone scuppers tackle scallywag bilged on her anchor. Jack Tar interloper draught grapple mizzenmast hulk knave cable transom hogshead. Gaff pillage to go on account grog aft chase guns piracy yardarm knave clap of thunder.</p>', 'posts/post4.jpg', 'yarr-post', 'this be a meta descript', 'keyword1, keyword2, keyword3', 'PUBLISHED', 0, '2020-10-13 13:21:56', '2020-10-13 13:21:56');

-- --------------------------------------------------------

--
-- Table structure for table `professionnels`
--

DROP TABLE IF EXISTS `professionnels`;
CREATE TABLE IF NOT EXISTS `professionnels` (
  `id` int(10) UNSIGNED NOT NULL AUTO_INCREMENT,
  `created_at` timestamp NULL DEFAULT NULL,
  `updated_at` timestamp NULL DEFAULT NULL,
  `deleted_at` timestamp NULL DEFAULT NULL,
  `titre` varchar(255) COLLATE utf8mb4_unicode_ci DEFAULT NULL,
  `description` text COLLATE utf8mb4_unicode_ci,
  `icone` varchar(255) COLLATE utf8mb4_unicode_ci DEFAULT NULL,
  `slug` varchar(255) COLLATE utf8mb4_unicode_ci DEFAULT NULL,
  `resume` text COLLATE utf8mb4_unicode_ci,
  `image` varchar(255) COLLATE utf8mb4_unicode_ci DEFAULT NULL,
  PRIMARY KEY (`id`)
) ENGINE=InnoDB AUTO_INCREMENT=8 DEFAULT CHARSET=utf8mb4 COLLATE=utf8mb4_unicode_ci;

--
-- Dumping data for table `professionnels`
--

INSERT INTO `professionnels` (`id`, `created_at`, `updated_at`, `deleted_at`, `titre`, `description`, `icone`, `slug`, `resume`, `image`) VALUES
(1, '2020-10-13 16:42:00', '2020-10-19 13:09:16', '2020-10-13 16:39:00', 'Assurance des biens', '<p>Premi&egrave;re grande cat&eacute;gorie d\'assurances pour les entreprises: la couverture des risques potentiels ext&eacute;rieurs. Inondation, incendie, vol menacent les locaux, le mat&eacute;riel ou les stocks. Contre ces dommages, une assurance sp&eacute;cifique doit &ecirc;tre souscrite, non obligatoire mais n&eacute;anmoins incontournable. \"Attention, si l\'entreprise est locataire de ses locaux - bureaux, usine, entrep&ocirc;t- elle doit obligatoire souscrire une assurance pour couvrir les dommages li&eacute;s aux biens immobiliers et sa responsabilit&eacute; d\'occupation. Cette obligation figure dans la loi n&deg;89-462 du 6 juillet 1989\", avertit Damien Palandjian responsable d&eacute;partement &agrave; la Direction des Services aux Entreprises, chez le courtier en assurances Verspieren. En cas de sinistre, le chef d\'entreprise fera une d&eacute;claration &agrave; sa compagnie d\'assurances dans un d&eacute;lai l&eacute;gal rappel&eacute; par le contrat (de deux &agrave; cinq jours, selon les risques), voire imm&eacute;diatement pour les &eacute;v&eacute;nements importants (incendie, catastrophe naturelle, temp&ecirc;te, cambriolage...). Le montant de l\'indemnisation d&eacute;pend alors de la valeur des biens garantis, c\'est pourquoi il ne faut pas oublier de pr&eacute;venir son assureur lorsque le p&eacute;rim&egrave;tre des biens &agrave; assurer &eacute;volue en cours d\'ann&eacute;e (achat de nouvelles machines, reprise d\'un autre site...), ni de v&eacute;rifier quels sont les dommages r&eacute;ellement couverts. Les soci&eacute;t&eacute;s qui ont une activit&eacute; cyclique se traduisant par une variation importante des stocks de produits ont int&eacute;r&ecirc;t &agrave; mentionner cette sp&eacute;cificit&eacute; &agrave; leur assureur pour &ecirc;tre mieux couvertes en cas de dommages. La valeur des stocks est alors &eacute;tablie sur la base de leur montant annuel le plus important et r&eacute;gularis&eacute;e en fin d\'ann&eacute;e. Dans tous les cas de figure, l\'indemnisation sera vers&eacute;e le plus souvent apr&egrave;s pr&eacute;sentation des factures correspondant aux r&eacute;parations n&eacute;cessaires ou &agrave; l\'achat de nouveaux mat&eacute;riels. En cas de lourd sinistre, l\'assureur peut toutefois verser des acomptes &agrave; son client.</p>', 'diamond', 'assurance-des-biens', NULL, NULL),
(3, '2020-10-13 16:44:00', '2020-07-05 10:53:54', NULL, 'Assurance des véhicules', '<p>En mati&egrave;re d\'assurance, si seules quelques couvertures sont obligatoires les PME et TPE ont souvent int&eacute;r&ecirc;t &agrave; souscrire des garanties compl&eacute;mentaires. Getty Images De la couverture des risques de dommages subis ou caus&eacute;s &agrave; des tiers, aux garanties pour couvrir les pertes d\'exploitation et les risques informatiques, les contrats d\'assurance, m&ecirc;me facultatifs, peuvent s\'av&eacute;rer indispensables. ll suffit parfois d\'un incendie ou de la livraison d\'un produit d&eacute;faillant pour mettre en p&eacute;ril la vie d\'une entreprise... Si, du strict point de vue juridique, seules quelques couvertures sont obligatoires - l\'assurance des v&eacute;hicules, la responsabilit&eacute; civile et les assurances sp&eacute;cifiques de type garantie d&eacute;cennale pour certains secteurs d\'activit&eacute; -, les PME et TPE ont tout int&eacute;r&ecirc;t &agrave; souscrire des garanties compl&eacute;mentaires. Au-del&agrave; du strict minimum - l\'assurance des biens, celle des pertes d\'exploitation ou la responsabilit&eacute; civile professionnelle -, certains contrats peuvent se r&eacute;v&eacute;ler utiles au regard de l\'activit&eacute; de la soci&eacute;t&eacute; (informatique, chimie, transports, activit&eacute;s cycliques...) ou pour faciliter son expansion &agrave; l\'international. Difficile toutefois de s\'y retrouver dans une offre surabondante. Parcours fl&eacute;ch&eacute; des sept contrats indispensables &agrave; l\'entreprise. 1. L\'assurance des biens Premi&egrave;re grande cat&eacute;gorie d\'assurances pour les entreprises: la couverture des risques potentiels ext&eacute;rieurs. Inondation, incendie, vol menacent les locaux, le mat&eacute;riel ou les stocks. Contre ces dommages, une assurance sp&eacute;cifique doit &ecirc;tre souscrite, non obligatoire mais n&eacute;anmoins incontournable. \"Attention, si l\'entreprise est locataire de ses locaux - bureaux, usine, entrep&ocirc;t- elle doit obligatoire souscrire une assurance pour couvrir les dommages li&eacute;s aux biens immobiliers et sa responsabilit&eacute; d\'occupation. Cette obligation figure dans la loi n&deg;89-462 du 6 juillet 1989\", avertit Damien Palandjian responsable d&eacute;partement &agrave; la Direction des Services aux Entreprises, chez le courtier en assurances Verspieren. En cas de sinistre, le chef d\'entreprise fera une d&eacute;claration &agrave; sa compagnie d\'assurances dans un d&eacute;lai l&eacute;gal rappel&eacute; par le contrat (de deux &agrave; cinq jours, selon les risques), voire imm&eacute;diatement pour les &eacute;v&eacute;nements importants (incendie, catastrophe naturelle, temp&ecirc;te, cambriolage...). Le montant de l\'indemnisation d&eacute;pend alors de la valeur des biens garantis, c\'est pourquoi il ne faut pas oublier de pr&eacute;venir son assureur lorsque le p&eacute;rim&egrave;tre des biens &agrave; assurer &eacute;volue en cours d\'ann&eacute;e (achat de nouvelles machines, reprise d\'un autre site...), ni de v&eacute;rifier quels sont les dommages r&eacute;ellement couverts. Les soci&eacute;t&eacute;s qui ont une activit&eacute; cyclique se traduisant par une variation importante des stocks de produits ont int&eacute;r&ecirc;t &agrave; mentionner cette sp&eacute;cificit&eacute; &agrave; leur assureur pour &ecirc;tre mieux couvertes en cas de dommages. La valeur des stocks est alors &eacute;tablie sur la base de leur montant annuel le plus important et r&eacute;gularis&eacute;e en fin d\'ann&eacute;e. L\'Express Abo OFFRE LIMIT&Eacute;E. 2 MOIS POUR 1&euro; SANS ENGAGEMENT Je m\'abonne Dans tous les cas de figure, l\'indemnisation sera vers&eacute;e le plus souvent apr&egrave;s pr&eacute;sentation des factures correspondant aux r&eacute;parations n&eacute;cessaires ou &agrave; l\'achat de nouveaux mat&eacute;riels. En cas de lourd sinistre, l\'assureur peut toutefois verser des acomptes &agrave; son client. A noter. Certaines garanties sont syst&eacute;matiques (attentat, catastrophe naturelle, temp&ecirc;te...), tandis que d\'autres peuvent &ecirc;tre souscrites pour des sinistres particuliers (dommages &eacute;lectriques...). &gt;&gt; Lire aussi: Assurance de l\'entreprise: les bons r&eacute;flexes 2. L\'assurance des pertes d\'exploitation Trop de PME n&eacute;gligent cette assurance, non obligatoire, qui est pourtant d\'un grand secours en cas de sinistre rendant impossible la poursuite de leur activit&eacute;. En attendant le red&eacute;marrage de l\'outil de production, cette assurance prend en charge les frais fixes de la soci&eacute;t&eacute; (salaires, remboursements des int&eacute;r&ecirc;ts d\'emprunt...) et les frais suppl&eacute;mentaires occasionn&eacute;s par la recherche de solutions pour retrouver le plus vite possible un rythme normal d\'activit&eacute; (location de bureaux, recours &agrave; des sous-traitants...). L\'entreprise d&eacute;finit la p&eacute;riode lui permettant de retrouver son &eacute;quilibre financier. Ce d&eacute;lai d\'un an au minimum peut aller jusqu\'&agrave; deux, voire trois ans. A noter. Des garanties suppl&eacute;mentaires permettent aux entreprises de se couvrir contre les sinistres entra&icirc;nant un arr&ecirc;t d\'activit&eacute; de leurs fournisseurs ou sous-traitants. Dans les anciennes formules d&eacute;j&agrave; souscrites par les entreprises, la perte d\'exploitation peut faire l\'objet d\'un contrat sp&eacute;cifique. Dor&eacute;navant, cette garantie constitue un volet de l\'assurance multirisques pour l\'entreprise. &gt;&gt; Lire aussi: Combien co&ucirc;te une assurance pertes d\'exploitation? 3. L\'assurance des v&eacute;hicules \"L\'assurance des v&eacute;hicules comporte deux volets. D\'une part la responsabilit&eacute; civile circulation, qui est obligatoire pour toutes les entreprises. Elle couvre les dommages caus&eacute;s par les v&eacute;hicules utilis&eacute;s par la soci&eacute;t&eacute; dans l\'exercice de son activit&eacute;. D\'autre part l\'assurance dommages li&eacute;s aux v&eacute;hicules et des extensions possibles pour les marchandises transport&eacute;es. Trop d\'entreprises pensent &agrave; assurer leur flotte automobile, mais oublient d\'assurer les v&eacute;hicules ne circulant pas sur la voie publique, comme les engins de manutention\", explique Damien Palandjian. La prime varie en fonction du nombre de v&eacute;hicules couverts, r&eacute;pertori&eacute;s dans une liste ferm&eacute;e (sauf dans le cas de grandes entreprises). Le principe d\'indemnisation est le m&ecirc;me que celui s\'appliquant aux particuliers. A noter. L\'entrepreneur peut souscrire une garantie sp&eacute;cifique pour b&eacute;n&eacute;ficier d\'un v&eacute;hicule de remplacement ou s\'assurer contre la destruction d\'am&eacute;nagements internes li&eacute;s &agrave; son activit&eacute; dans son ou ses v&eacute;hicule(s).</p>', 'truck', 'assurance-des-vehicules', NULL, NULL),
(4, '2020-10-13 16:45:00', '2020-10-19 12:20:27', NULL, 'Risques informatiques', '<p>Cette assurance indispensable aux soci&eacute;t&eacute;s qui manient de nombreuses donn&eacute;es informatiques (SSII, cabinets de conseil, les agences de voyage, les entreprises de vente en ligne) couvre les ordinateurs mais aussi les bases de donn&eacute;es et les frais de reconstitution si elles sont perdues ou endommag&eacute;es. \"M&ecirc;me un industriel confront&eacute; &agrave; une grosse panne informatique risque d\'&ecirc;tre p&eacute;nalis&eacute; pour tenir ses engagements vis-&agrave;-vis de ses clients et de ne pas pouvoir r&eacute;aliser ses livraisons en temps et en heure. Quelle que soit son activit&eacute;, le dirigeant d\'entreprise a int&eacute;r&ecirc;t &agrave; &eacute;valuer l\'impact que peut avoir l\'informatique sur son m&eacute;tier\", recommande Damien Palandjian. Le montant de l\'indemnisation d&eacute;pend de la valeur du mat&eacute;riel d&eacute;clar&eacute; et des frais occasionn&eacute;s par son rachat et la reconstitution des donn&eacute;es (ressaisies, reconstitution de logiciels, suppression des virus...) estim&eacute;s par un expert.</p>', 'laptop', 'assurance-des-risques-informatiques', NULL, NULL),
(5, '2020-10-13 16:47:00', '2020-07-05 11:46:30', '2020-10-13 16:46:00', 'Risque environnemental', '<p>\"Une entreprise n\'ayant pas de site industriel ou d\'entreposage et non soumise &agrave; une autorisation pr&eacute;fectorale pour les risques de pollution, peut couvrir son risque environnemental par le biais de son contrat de responsabilit&eacute; civile g&eacute;n&eacute;ral. En revanche, si elle est soumise &agrave; autorisation pr&eacute;fectorale pour exercer son activit&eacute;, elle doit souscrire un contrat sp&eacute;cifique pour couvrir les atteintes &agrave; l\'environnement\", pr&eacute;cise Damien Palandjian Les garanties des atteintes &agrave; l\'environnement (extensions de responsabilit&eacute; civile professionnelle ou contrats sp&eacute;cifiques comme l\'assurance responsabilit&eacute; environnementale) sont indispensables aux entreprises dont l\'activit&eacute; peut nuire &agrave; l\'environnement (pollution de l\'air, de l\'eau, des sols et nappes phr&eacute;atiques, atteintes &agrave; des sites prot&eacute;g&eacute;s...). Ces assurances s\'appuient sur le principe du \"pollueur-payeur\" : le chef d\'entreprise doit r&eacute;parer le pr&eacute;judice constat&eacute;, caus&eacute; par sa soci&eacute;t&eacute;. Suivant les contrats, l\'assurance couvre la d&eacute;pollution, les co&ucirc;ts d\'&eacute;valuation des dommages, la r&eacute;alisation d\'&eacute;tudes pour d&eacute;terminer les actions de r&eacute;paration et les frais administratifs ou judiciaires. A noter. Certaines pollutions, comme celle li&eacute;e &agrave; la pr&eacute;sence d\'amiante, doivent faire l\'objet d\'assurances sp&eacute;cifiques</p>', 'tree', 'assurance-du-risque-environnemental', NULL, NULL),
(6, '2020-10-13 16:48:00', '2020-10-20 11:05:34', NULL, 'civile professionnel', '<p>Cette assurance facultative, sauf pour certaines professions, se r&eacute;v&egrave;le dans les faits, indispensable &agrave; quasiment toutes les entreprises. Elle couvre tous les dommages corporels, mat&eacute;riels ou immat&eacute;riels occasionn&eacute;s &agrave; des tiers (clients et fournisseurs) par le chef d\'entreprise, ses salari&eacute;s, ses locaux ou ses machines lors de l\'exercice de l\'activit&eacute; ou apr&egrave;s la livraison de produits se r&eacute;v&eacute;lant d&eacute;faillants. Sont exclus les dommages cr&eacute;&eacute;s par des produits ou une activit&eacute; ne r&eacute;pondant pas aux normes ou aux imp&eacute;ratifs de s&eacute;curit&eacute; en vigueur. Le montant de la prime d&eacute;pend du chiffre d\'affaires, du secteur et de la nature de l\'activit&eacute; de la soci&eacute;t&eacute;, selon les risques encourus. En cas de dommage, l\'entreprise doit transmettre &agrave; son assureur la r&eacute;clamation re&ccedil;ue de son client ou fournisseur, auquel il incombe d\'apporter la preuve du pr&eacute;judice subi. La compagnie n&eacute;gocie au nom de l\'entreprise avec le plaignant pour trouver un terrain d\'entente en cas de dommages l&eacute;gers. Dans le cas de sinistres lourds, des experts &eacute;valueront le montant des dommages. A noter. Pour les TPE, les assureurs proposent des montants de primes forfaitaires.</p>', 'balance-scale', 'assurance-responsabilite-civile-professionnelle', NULL, NULL),
(7, '2020-10-13 16:50:00', '2020-10-20 11:07:47', NULL, 'Civile obligatoire', '<p>Les professionnels du BTP ont l\'obligation de souscrire une assurance responsabilit&eacute; d&eacute;cennale qui couvre les dommages constat&eacute;s dans les dix ans suivant la livraison des travaux. Cette assurance s\'applique lorsque les dommages compromettent la solidit&eacute; de l\'ouvrage (infiltration d\'eau dans la toiture, effondrement d\'un balcon...) ou entra&icirc;nent de graves nuisances (mauvaise &eacute;tanch&eacute;it&eacute;...). La souscription d\'une assurance responsabilit&eacute; civile professionnelle est, par ailleurs, obligatoire pour certaines professions r&eacute;glement&eacute;es dans le domaine de la sant&eacute; (m&eacute;decins, infirmiers...), du droit (avocats, notaires...) ou pour les agents immobiliers, les agences de voyages, les experts-comptables... Elle couvre les dommages caus&eacute;s &agrave; des tiers dans le cadre de l\'activit&eacute; (erreurs de prescription, risques op&eacute;ratoires), les risques li&eacute;s &agrave; la disparition de fonds transmis par des particuliers et qui transitent par eux (agents immobiliers, notaires...) ou des risques sp&eacute;cifiques &agrave; certaines professions (d&eacute;t&eacute;rioration de meubles pour les soci&eacute;t&eacute;s de d&eacute;m&eacute;nagement ou accidents pour les exploitants de remont&eacute;es m&eacute;caniques). Ces diverses solutions d\'assurance sont certes tr&egrave;s utiles. \"Mais il faut remettre l\'assurance &agrave; la bonne place dans le processus de gestion des risques de l\'entreprise\" estime Louis-Remy Pinault, manager op&eacute;ration d\'assurances, chez G&eacute;n&eacute;rali. Une preuve que la relation entre l\'assureur, l\'interm&eacute;diaire et l\'assur&eacute; devient plus globale.</p>', 'bank', 'assurance-responsabilite-civile-obligatoire', NULL, NULL);

-- --------------------------------------------------------

--
-- Table structure for table `roles`
--

DROP TABLE IF EXISTS `roles`;
CREATE TABLE IF NOT EXISTS `roles` (
  `id` bigint(20) UNSIGNED NOT NULL AUTO_INCREMENT,
  `name` varchar(255) COLLATE utf8mb4_unicode_ci NOT NULL,
  `display_name` varchar(255) COLLATE utf8mb4_unicode_ci NOT NULL,
  `created_at` timestamp NULL DEFAULT NULL,
  `updated_at` timestamp NULL DEFAULT NULL,
  PRIMARY KEY (`id`),
  UNIQUE KEY `roles_name_unique` (`name`)
) ENGINE=InnoDB AUTO_INCREMENT=3 DEFAULT CHARSET=utf8mb4 COLLATE=utf8mb4_unicode_ci;

--
-- Dumping data for table `roles`
--

INSERT INTO `roles` (`id`, `name`, `display_name`, `created_at`, `updated_at`) VALUES
(1, 'admin', 'Administrateur', '2020-10-13 13:21:26', '2020-10-13 13:21:26'),
(2, 'user', 'Utilisateur standard', '2020-10-13 13:21:26', '2020-10-13 13:21:26');

-- --------------------------------------------------------

--
-- Table structure for table `settings`
--

DROP TABLE IF EXISTS `settings`;
CREATE TABLE IF NOT EXISTS `settings` (
  `id` int(10) UNSIGNED NOT NULL AUTO_INCREMENT,
  `key` varchar(255) COLLATE utf8mb4_unicode_ci NOT NULL,
  `display_name` varchar(255) COLLATE utf8mb4_unicode_ci NOT NULL,
  `value` text COLLATE utf8mb4_unicode_ci,
  `details` text COLLATE utf8mb4_unicode_ci,
  `type` varchar(255) COLLATE utf8mb4_unicode_ci NOT NULL,
  `order` int(11) NOT NULL DEFAULT '1',
  `group` varchar(255) COLLATE utf8mb4_unicode_ci DEFAULT NULL,
  PRIMARY KEY (`id`),
  UNIQUE KEY `settings_key_unique` (`key`)
) ENGINE=InnoDB AUTO_INCREMENT=11 DEFAULT CHARSET=utf8mb4 COLLATE=utf8mb4_unicode_ci;

--
-- Dumping data for table `settings`
--

INSERT INTO `settings` (`id`, `key`, `display_name`, `value`, `details`, `type`, `order`, `group`) VALUES
(1, 'site.title', 'Title du site', 'Title du site', '', 'text', 1, 'Site'),
(2, 'site.description', 'Description du site', 'Description du site', '', 'text', 2, 'Site'),
(3, 'site.logo', 'Logo du site', '', '', 'image', 3, 'Site'),
(4, 'site.google_analytics_tracking_id', 'Google Analytics ID de Tracking', '', '', 'text', 4, 'Site'),
(5, 'admin.bg_image', 'Image de fond de l\'espace admin', '', '', 'image', 5, 'Admin'),
(6, 'admin.title', 'Titre de l\'espace admin', 'Voyager', '', 'text', 1, 'Admin'),
(7, 'admin.description', 'Description de l\'espace admin', 'Bienvenue dans Voyager, le panneau d\'administration qui manquait à Laravel.', '', 'text', 2, 'Admin'),
(8, 'admin.loader', 'Chargement de l\'espace admin', '', '', 'image', 3, 'Admin'),
(9, 'admin.icon_image', 'Icône de l\'espace admin', '', '', 'image', 4, 'Admin'),
(10, 'admin.google_analytics_client_id', 'Google Analytics ID Client (Utilisé pour le panneau d\'administration)', '', '', 'text', 1, 'Admin');

-- --------------------------------------------------------

--
-- Table structure for table `translations`
--

DROP TABLE IF EXISTS `translations`;
CREATE TABLE IF NOT EXISTS `translations` (
  `id` int(10) UNSIGNED NOT NULL AUTO_INCREMENT,
  `table_name` varchar(255) COLLATE utf8mb4_unicode_ci NOT NULL,
  `column_name` varchar(255) COLLATE utf8mb4_unicode_ci NOT NULL,
  `foreign_key` int(10) UNSIGNED NOT NULL,
  `locale` varchar(255) COLLATE utf8mb4_unicode_ci NOT NULL,
  `value` text COLLATE utf8mb4_unicode_ci NOT NULL,
  `created_at` timestamp NULL DEFAULT NULL,
  `updated_at` timestamp NULL DEFAULT NULL,
  PRIMARY KEY (`id`),
  UNIQUE KEY `translations_table_name_column_name_foreign_key_locale_unique` (`table_name`,`column_name`,`foreign_key`,`locale`)
) ENGINE=InnoDB AUTO_INCREMENT=31 DEFAULT CHARSET=utf8mb4 COLLATE=utf8mb4_unicode_ci;

--
-- Dumping data for table `translations`
--

INSERT INTO `translations` (`id`, `table_name`, `column_name`, `foreign_key`, `locale`, `value`, `created_at`, `updated_at`) VALUES
(1, 'data_types', 'display_name_singular', 5, 'pt', 'Post', '2020-10-13 13:22:00', '2020-10-13 13:22:00'),
(2, 'data_types', 'display_name_singular', 6, 'pt', 'Página', '2020-10-13 13:22:01', '2020-10-13 13:22:01'),
(3, 'data_types', 'display_name_singular', 1, 'pt', 'Utilizador', '2020-10-13 13:22:01', '2020-10-13 13:22:01'),
(4, 'data_types', 'display_name_singular', 4, 'pt', 'Categoria', '2020-10-13 13:22:01', '2020-10-13 13:22:01'),
(5, 'data_types', 'display_name_singular', 2, 'pt', 'Menu', '2020-10-13 13:22:01', '2020-10-13 13:22:01'),
(6, 'data_types', 'display_name_singular', 3, 'pt', 'Função', '2020-10-13 13:22:01', '2020-10-13 13:22:01'),
(7, 'data_types', 'display_name_plural', 5, 'pt', 'Posts', '2020-10-13 13:22:01', '2020-10-13 13:22:01'),
(8, 'data_types', 'display_name_plural', 6, 'pt', 'Páginas', '2020-10-13 13:22:02', '2020-10-13 13:22:02'),
(9, 'data_types', 'display_name_plural', 1, 'pt', 'Utilizadores', '2020-10-13 13:22:02', '2020-10-13 13:22:02'),
(10, 'data_types', 'display_name_plural', 4, 'pt', 'Categorias', '2020-10-13 13:22:02', '2020-10-13 13:22:02'),
(11, 'data_types', 'display_name_plural', 2, 'pt', 'Menus', '2020-10-13 13:22:02', '2020-10-13 13:22:02'),
(12, 'data_types', 'display_name_plural', 3, 'pt', 'Funções', '2020-10-13 13:22:02', '2020-10-13 13:22:02'),
(13, 'categories', 'slug', 1, 'pt', 'categoria-1', '2020-10-13 13:22:02', '2020-10-13 13:22:02'),
(14, 'categories', 'name', 1, 'pt', 'Categoria 1', '2020-10-13 13:22:03', '2020-10-13 13:22:03'),
(15, 'categories', 'slug', 2, 'pt', 'categoria-2', '2020-10-13 13:22:03', '2020-10-13 13:22:03'),
(16, 'categories', 'name', 2, 'pt', 'Categoria 2', '2020-10-13 13:22:03', '2020-10-13 13:22:03'),
(17, 'pages', 'title', 1, 'pt', 'Olá Mundo', '2020-10-13 13:22:03', '2020-10-13 13:22:03'),
(18, 'pages', 'slug', 1, 'pt', 'ola-mundo', '2020-10-13 13:22:03', '2020-10-13 13:22:03'),
(19, 'pages', 'body', 1, 'pt', '<p>Olá Mundo. Scallywag grog swab Cat o\'nine tails scuttle rigging hardtack cable nipper Yellow Jack. Handsomely spirits knave lad killick landlubber or just lubber deadlights chantey pinnace crack Jennys tea cup. Provost long clothes black spot Yellow Jack bilged on her anchor league lateen sail case shot lee tackle.</p>\r\n<p>Ballast spirits fluke topmast me quarterdeck schooner landlubber or just lubber gabion belaying pin. Pinnace stern galleon starboard warp carouser to go on account dance the hempen jig jolly boat measured fer yer chains. Man-of-war fire in the hole nipperkin handsomely doubloon barkadeer Brethren of the Coast gibbet driver squiffy.</p>', '2020-10-13 13:22:03', '2020-10-13 13:22:03'),
(20, 'menu_items', 'title', 1, 'pt', 'Painel de Controle', '2020-10-13 13:22:04', '2020-10-13 13:22:04'),
(21, 'menu_items', 'title', 2, 'pt', 'Media', '2020-10-13 13:22:04', '2020-10-13 13:22:04'),
(22, 'menu_items', 'title', 12, 'pt', 'Publicações', '2020-10-13 13:22:04', '2020-10-13 13:22:04'),
(23, 'menu_items', 'title', 3, 'pt', 'Utilizadores', '2020-10-13 13:22:04', '2020-10-13 13:22:04'),
(24, 'menu_items', 'title', 11, 'pt', 'Categorias', '2020-10-13 13:22:04', '2020-10-13 13:22:04'),
(25, 'menu_items', 'title', 13, 'pt', 'Páginas', '2020-10-13 13:22:04', '2020-10-13 13:22:04'),
(26, 'menu_items', 'title', 4, 'pt', 'Funções', '2020-10-13 13:22:05', '2020-10-13 13:22:05'),
(27, 'menu_items', 'title', 5, 'pt', 'Ferramentas', '2020-10-13 13:22:05', '2020-10-13 13:22:05'),
(28, 'menu_items', 'title', 6, 'pt', 'Menus', '2020-10-13 13:22:05', '2020-10-13 13:22:05'),
(29, 'menu_items', 'title', 7, 'pt', 'Base de dados', '2020-10-13 13:22:05', '2020-10-13 13:22:05'),
(30, 'menu_items', 'title', 10, 'pt', 'Configurações', '2020-10-13 13:22:05', '2020-10-13 13:22:05');

-- --------------------------------------------------------

--
-- Table structure for table `type_assurances`
--

DROP TABLE IF EXISTS `type_assurances`;
CREATE TABLE IF NOT EXISTS `type_assurances` (
  `id` int(10) UNSIGNED NOT NULL AUTO_INCREMENT,
  `created_at` timestamp NULL DEFAULT NULL,
  `updated_at` timestamp NULL DEFAULT NULL,
  `deleted_at` timestamp NULL DEFAULT NULL,
  `nom` varchar(255) COLLATE utf8mb4_unicode_ci DEFAULT NULL,
  `slug` varchar(255) COLLATE utf8mb4_unicode_ci DEFAULT NULL,
  PRIMARY KEY (`id`)
) ENGINE=InnoDB AUTO_INCREMENT=3 DEFAULT CHARSET=utf8mb4 COLLATE=utf8mb4_unicode_ci;

--
-- Dumping data for table `type_assurances`
--

INSERT INTO `type_assurances` (`id`, `created_at`, `updated_at`, `deleted_at`, `nom`, `slug`) VALUES
(1, '2020-10-15 12:24:11', '2020-10-15 12:24:11', '2020-10-15 12:23:00', 'Assurance Particuliers', 'assurance-particuliers'),
(2, '2020-10-15 12:24:36', '2020-10-15 12:24:36', NULL, 'Assurance Professionnels', 'assurance-professionnels');

-- --------------------------------------------------------

--
-- Table structure for table `users`
--

DROP TABLE IF EXISTS `users`;
CREATE TABLE IF NOT EXISTS `users` (
  `id` bigint(20) UNSIGNED NOT NULL AUTO_INCREMENT,
  `role_id` bigint(20) UNSIGNED DEFAULT NULL,
  `name` varchar(255) COLLATE utf8mb4_unicode_ci NOT NULL,
  `email` varchar(255) COLLATE utf8mb4_unicode_ci NOT NULL,
  `avatar` varchar(255) COLLATE utf8mb4_unicode_ci DEFAULT 'users/default.png',
  `email_verified_at` timestamp NULL DEFAULT NULL,
  `password` varchar(255) COLLATE utf8mb4_unicode_ci NOT NULL,
  `remember_token` varchar(100) COLLATE utf8mb4_unicode_ci DEFAULT NULL,
  `settings` text COLLATE utf8mb4_unicode_ci,
  `created_at` timestamp NULL DEFAULT NULL,
  `updated_at` timestamp NULL DEFAULT NULL,
  PRIMARY KEY (`id`),
  UNIQUE KEY `users_email_unique` (`email`),
  KEY `users_role_id_foreign` (`role_id`)
) ENGINE=InnoDB AUTO_INCREMENT=2 DEFAULT CHARSET=utf8mb4 COLLATE=utf8mb4_unicode_ci;

--
-- Dumping data for table `users`
--

INSERT INTO `users` (`id`, `role_id`, `name`, `email`, `avatar`, `email_verified_at`, `password`, `remember_token`, `settings`, `created_at`, `updated_at`) VALUES
(1, 1, 'Admin', 'admin@admin.com', 'users/default.png', NULL, '$2y$10$Tm0cTow57RTEWfWaYLkFeOUYnwmHmNJoaScDaehpNUuaTvAa2jt1a', 'zWAXemGKXqnjbBN2D20iXQfB3qq54FsO5kuKZpmsF5jelCN1rJXURa1ZP6I8', NULL, '2020-10-13 13:21:52', '2020-10-13 13:21:52');

-- --------------------------------------------------------

--
-- Table structure for table `user_roles`
--

DROP TABLE IF EXISTS `user_roles`;
CREATE TABLE IF NOT EXISTS `user_roles` (
  `user_id` bigint(20) UNSIGNED NOT NULL,
  `role_id` bigint(20) UNSIGNED NOT NULL,
  PRIMARY KEY (`user_id`,`role_id`),
  KEY `user_roles_user_id_index` (`user_id`),
  KEY `user_roles_role_id_index` (`role_id`)
) ENGINE=InnoDB DEFAULT CHARSET=utf8mb4 COLLATE=utf8mb4_unicode_ci;

--
-- Constraints for dumped tables
--

--
-- Constraints for table `categories`
--
ALTER TABLE `categories`
  ADD CONSTRAINT `categories_parent_id_foreign` FOREIGN KEY (`parent_id`) REFERENCES `categories` (`id`) ON DELETE SET NULL ON UPDATE CASCADE;

--
-- Constraints for table `data_rows`
--
ALTER TABLE `data_rows`
  ADD CONSTRAINT `data_rows_data_type_id_foreign` FOREIGN KEY (`data_type_id`) REFERENCES `data_types` (`id`) ON DELETE CASCADE ON UPDATE CASCADE;

--
-- Constraints for table `menu_items`
--
ALTER TABLE `menu_items`
  ADD CONSTRAINT `menu_items_menu_id_foreign` FOREIGN KEY (`menu_id`) REFERENCES `menus` (`id`) ON DELETE CASCADE;

--
-- Constraints for table `permission_role`
--
ALTER TABLE `permission_role`
  ADD CONSTRAINT `permission_role_permission_id_foreign` FOREIGN KEY (`permission_id`) REFERENCES `permissions` (`id`) ON DELETE CASCADE,
  ADD CONSTRAINT `permission_role_role_id_foreign` FOREIGN KEY (`role_id`) REFERENCES `roles` (`id`) ON DELETE CASCADE;

--
-- Constraints for table `users`
--
ALTER TABLE `users`
  ADD CONSTRAINT `users_role_id_foreign` FOREIGN KEY (`role_id`) REFERENCES `roles` (`id`);

--
-- Constraints for table `user_roles`
--
ALTER TABLE `user_roles`
  ADD CONSTRAINT `user_roles_role_id_foreign` FOREIGN KEY (`role_id`) REFERENCES `roles` (`id`) ON DELETE CASCADE,
  ADD CONSTRAINT `user_roles_user_id_foreign` FOREIGN KEY (`user_id`) REFERENCES `users` (`id`) ON DELETE CASCADE;
COMMIT;

/*!40101 SET CHARACTER_SET_CLIENT=@OLD_CHARACTER_SET_CLIENT */;
/*!40101 SET CHARACTER_SET_RESULTS=@OLD_CHARACTER_SET_RESULTS */;
/*!40101 SET COLLATION_CONNECTION=@OLD_COLLATION_CONNECTION */;
